index,original_gen_str,reason
6," is 3.1 3.1
91 91 55
Fe
0.49 0.72 0.66
H
0.16 0.39 0.06
H
0.81 0.04 0.26
O
0.17 0.39 0.88
O
0.81 0.04 0.44","Invalid structure: lengths=3, angles=0, species=0"
25," the at.
0.98 0.91 0.66
at.
0.48 0.41 0.16
Yb
0.98 0.91 0.16
Yb
0.48 0.91 0.66
Yb
0.98 0.41 0.66
Yb
0.48 0.41 0.66
In
0.98 0.41 0.16
In
0.48 0.91 0.16
Hg
0.73 0.66 0.41
Hg
0.73 0.16 0.91","Invalid structure: lengths=3, angles=0, species=0"
45," the
0.74 1.00 1.00
T
0.33 0.50 0.60
T
0.24 0.59 0.10
T
0.65 0.90 0.50
Zn
0.84 0.41 0.60
Zn
0.70 0.26 0.29
Zn
0.15 0.08 0.10
Zn
0.29 0.23 0.41
Zn
0.38 0.76 0.91
Zn
0.06 0.05 0.62
Zn
0.82 0.62 0.00
Zn
0.43 0.94 0.69
Zn
0.68 0.46 0.99
Zn
0.53 0.57 0.49
Zn
0.95 0.92 0.19
Zn
0.17 0.88 0.50
Rh
0.05 0.67 0.81
Rh
0.33 0.28 0.80
Rh
0.86 0.20 0.80
Rh
0.54 0.79 0.21
Rh
0.13 0.20 0.79
Rh
0.64 0.72 0.71
Rh
0.95 0.39 0.30
Rh
0.46 0.19 0.21","Invalid structure: lengths=3, angles=0, species=0"
108," is.73 0.73 i.e.
59
0.33 0.06 0.54
Bi
0.07 0.57 0.04
Bi
0.57 0.34 0.04
Ir
0.98 0.97 0.87
Ir
0.65 0.64 0.30
S
0.14 0.13 0.95
S
0.49 0.97 0.14
S
0.00 0.48 0.49
S
0.63 0.64 0.59","Invalid structure: lengths=3, angles=0, species=0"
180," is 3.1
150.0
154 123 63
Ga
0.93 0.82 0.44
Ga
0.93 0.22 0.69
Ga
0.33 0.62 0.69
Ga
0.53 0.22 0.09
Ga
0.53 0.82 0.29
Ga
0.33 0.02 0.09
Si
0.93 0.61 0.29
Si
0.33 0.42 0.69
Si
0.33 0.02 0.89
Si
0.93 0.42 0.49
Si
0.52 0.42 0.89
Si
0.52 0.81 0.09
Si
0.92 0.02 0.49
Si
0.52 0.23 0.09
Si
0.34 0.61 0.69
Si
0.34 0.23 0.89
Si
0.94 0.61 0.49
Si
0.94 0.02 0.29
Si
0.34 0.82 0.89
Si
0.52 0.02 0.09
C
0.91 0.50 0.31
C
0.91 0.82 0.49
C
0.35 0.40 0.69
C
0.35 0.82 0.87
C
0.91 0.22 0.69
C
0.35 0.22 0.99
C
0.35 0.04 0.87
C
0.91 0.63 ","Invalid structure: lengths=3, angles=0, species=0"
282," is.14 0.19 i.04
Ti
0.92 0.28 0.73
Ti
0.43 0.78 0.73
Ni
0.27 0.17 0.53
Ni
0.77 0.67 0.52
Ni
0.77 0.17 0.53
Ni
0.27 0.67 0.52
Ni
0.07 0.39 0.24
Ni
0.58 0.88 0.24
Ni
0.58 0.38 0.24
Ni
0.08 0.88 0.24
Sn
0.93 0.78 0.73
Sn
0.43 0.28 0.73
Sn
0.13 0.58 0.93
Sn
0.64 0.08 0.92
P
0.43 0.78 0.33
P
0.93 0.28 0.33","Invalid structure: lengths=3, angles=0, species=0"
404," the at.
0.81 0.17 0.94
the at.
1.00 0.53 0.94
the.00 0.17 0.29
The element type and coordinates for each atom within the lattice:1.00 0.53 0.29
The element type and coordinates for each atom within the material:0.35 0.17 0.94
Tb
0.65 0.89 0.29
Tb
0.65 0.53 0.59
Tb
0.35 0.89 0.59
O
0.65 0.17 0.44
O
0.65 0.67 0.94
O
0.15 0.67 0.44
O
0.15 0.17 0.94
Se
0.31 0.50 0.76
Se
0.31 0.21 0.62
Se
0.99 0.84 0.62
Se
0.99 0.21 0.62
Se
0.65 0.84 0.76
Se
0.65 0.50 0.26
Se
0.99 0.84 0.26
Se
0.31 0.50 0.26","Invalid structure: lengths=3, angles=0, species=16"
706," the0.70 0.05 1.00
Ca
0.44 0.24 0.73
Ca
0.94 0.50 0.23
Ca
0.38 0.74 0.23
Ca
0.88 1.00 0.73
Cd
0.92 0.77 0.99
Cd
0.42 0.47 0.49
Cd
0.92 0.27 0.49
Cd
0.42 0.97 0.99
Ge
0.81 0.68 0.61
Ge
0.31 0.55 0.81
Ge
0.00 0.18 0.11
Ge
0.50 0.05 0.31","Invalid structure: lengths=3, angles=0, species=0"
715," the h0:0.85 1.00 1.00
hg
0.57 0.28 0.71
hg
0.07 0.78 0.21
Br
0.33 0.97 0.70
Br
0.83 0.47 0.20
Cl
0.87 0.11 0.73
Cl
0.37 0.61 0.23","Invalid structure: lengths=3, angles=0, species=0"
748," the.61 0.61 we.04
0.03 0.31 0.44
0.53 0.81 0.44
Sb
0.35 0.00 0.13
Sb
0.85 0.50 0.13
Sb
0.72 0.21 0.76
Sb
0.22 0.71 0.76
Mg
0.12 0.91 0.44
Mg
0.62 0.41 0.44
Mg
0.43 0.60 0.23
Mg
0.93 0.10 0.65","Invalid structure: lengths=3, angles=3, species=0"
753," the.78 1.00 1.00
Sr
0.49 0.28 0.84
Sr
0.99 0.78 0.34
S
0.79 0.71 0.84
S
0.18 0.85 0.84
S
0.68 0.35 0.34
S
0.29 0.21 0.34","Invalid structure: lengths=3, angles=0, species=0"
771," the formula is YSiPt2
0.07 0.34 0.94
1.00 0.73 0.67
1.00 0.73 0.17
1.00 0.23 0.67
1.00 0.23 0.17
1.00 0.34 0.39
1.00 0.84 0.94
1.00 0.84 0.39
1.00 0.34 0.67
1.00 0.84 0.67
1.00 0.23 0.94
Si
0.50 0.53 0.81
Si
0.50 0.03 0.81
Si
0.50 0.53 0.31
Si
0.50 0.03 0.31
Pt
0.50 0.03 0.06
Pt
0.50 0.53 0.06
Pt
0.50 0.03 0.56
Pt
0.50 0.53 0.56","Invalid structure: lengths=3, angles=3, species=0"
790," of.02 0.02 1.00
0.61 0.02 0.50
0.02 0.41 0.50
Tl
0.35 0.70 0.69
Tl
0.73 0.70 0.19
Tl
0.35 0.33 0.19
Se
0.85 0.21 0.70
Se
0.85 0.21 0.20
Se
0.20 0.87 0.37
Se
0.56 0.87 0.87","Invalid structure: lengths=3, angles=3, species=0"
847," the.74 0.91 0.04
The band gap is 0.0.Generate an element that could replace the lattice element and then the coordinates for each atom:
5.3 5.3 4.5
90 90 120
Pa
0.02 0.95 0.48
Pa
0.35 0.62 0.98
Ni
0.84 0.61 0.98
Ni
0.36 0.13 0.98
Ni
0.84 0.13 0.98
Ni
0.53 0.96 0.48
Ni
0.01 0.44 0.48
Ni
0.53 0.44 0.48","Invalid structure: lengths=3, angles=0, species=8"
891," the
0.75 0.87 1.00
H
0.36 0.30 0.57
H
0.14 0.44 0.41
Cr
0.75 0.37 0.50
Cr
0.25 0.87 0.50
O
0.72 0.18 0.39
O
0.78 0.56 0.59
O
0.20 0.06 0.59
O
0.29 0.68 0.39
O
0.70 0.35 0.73
O
0.79 0.39 0.26
O
0.20 0.89 0.26
O
0.29 0.85 0.73","Invalid structure: lengths=3, angles=0, species=0"
900," is 6.4 6.4
143 143 52
Ca
0.10 0.06 0.42
P
0.46 0.43 0.42
P
0.74 0.70 0.42
Rh
0.35 0.81 0.92
Rh
0.85 0.31 0.92","Invalid structure: lengths=3, angles=0, species=0"
932," the at.
0.50 0.09 0.00
Theat.
1.00 0.59 0.50
Re
0.50 0.59 0.50
Re
0.50 0.09 0.50
Re
0.00 0.59 0.00
Re
0.00 0.09 0.00
Re
0.75 0.34 0.75
Re
0.75 0.84 0.75
Re
0.25 0.34 0.25
Re
0.25 0.84 0.25
Ir
0.75 0.34 0.25
Ir
0.75 0.84 0.25
Ir
0.25 0.34 0.75","Invalid structure: lengths=3, angles=0, species=0"
977," the.35 0.35 0.31
C
0.99 0.69 0.88
C
0.35 0.01 0.88
C
0.62 0.35 0.88
Te
0.35 0.35 0.70
O
0.02 0.71 0.76
O
0.26 0.69 0.76
O
0.99 0.44 0.76
O
0.35 0.35 0.53
O
0.98 0.69 0.02
O
0.35 0.35 0.02
O
0.63 0.01 0.02","Invalid structure: lengths=3, angles=0, species=0"
1020," the
0.85 0.34 .56
the
0.51 0.68 0.56
the
0.17 0.01 0.56
Sr
0.35 0.18 0.06
Sr
0.01 0.51 0.06
Sr
0.67 0.85 0.06
Tl
0.85 0.01 0.33
Tl
0.51 0.34 0.33
Tl
0.17 0.68 0.33
Tl
0.85 0.34 0.88
Tl
0.51 0.68 0.88","Invalid structure: lengths=3, angles=0, species=0"
1091," is 3.9 3.9
119 119 90
Nd
0.70 0.80 0.33
Cu
0.45 0.05 0.83
S
0.20 0.30 0.33
O
0.95 0.55 0.83","Invalid structure: lengths=3, angles=0, species=0"
1183," the0.89 0.07 0.67
Zr
0.88 0.77 0.36
Zr
0.88 0.27 0.86
Zr
0.38 0.77 0.86
Zr
0.38 0.27 0.36
Ga
0.88 0.57 0.06
Ga
0.68 0.97 0.16
Ga
0.18 0.47 0.66
Ga
0.18 0.67 0.16
Ga
0.58 0.97 0.57
Ga
0.58 0.37 0.16
Ga
0.18 0.17 0.06
Ga
0.18 0.97 0.57
Ga
0.58 0.67 0.57
Ga
0.58 0.47 0.76
Ga
0.88 0.07 0.06
Ga
0.88 0.47 0.57
Co
0.18 0.97 0.26
Co
0.58 0.97 0.86
Co
0.58 0.67 0.26
Co
0.58 0.27 0.66
Co
0.18 0.47 0.36
Co
0.88 0.47 0.26
Co
0.38 0.97 0.26
Co
0.18 0.77 0.66","Invalid structure: lengths=3, angles=0, species=0"
1479," the0.62 1.00 0.40
F
0.62 0.73 0.72
F
0.62 0.26 0.17
Br
0.38 0.77 0.23
Br
0.62 0.50 0.40
Br
0.12 0.50 0.40
Br
0.62 0.00 0.90
Br
0.86 0.77 0.23
Br
0.12 0.00 0.40","Invalid structure: lengths=3, angles=0, species=0"
1502," the
0.91 0.19 0.45
Pd
0.66 0.45 0.69
Pd
0.16 0.95 0.19
Yb
0.39 0.24 0.91
Yb
0.70 0.73 0.41
Yb
0.20 0.69 0.54
Yb
0.89 0.40 0.04
Sn
0.66 0.95 0.19
Sn
0.16 0.45 0.69
Pd
0.89 0.68 0.89
Pd
0.60 0.18 0.53
Pd
0.21 0.20 0.28
Pd
0.39 0.91 0.78","Invalid structure: lengths=3, angles=0, species=0"
1569," the:0.50 0.58 1.00
C
0.31 0.92 0.68
C
0.69 0.24 0.31
F
0.60 0.30 0.15
F
0.39 0.87 0.84
F
0.30 0.92 0.52
F
0.69 0.24 0.47
F
0.77 0.36 0.79
F
0.22 0.81 0.20
F
0.77 0.75 0.29
F
0.22 0.41 0.70
F
0.21 0.22 0.21
F
0.78 0.94 0.78
F
0.29 0.41 0.21
F
0.71 0.75 0.78","Invalid structure: lengths=3, angles=0, species=0"
1599," the
0.60
0.06 0.79
0.27
Sm
0.26 0.15 0.15
Sm
0.76 0.65 0.65
S
0.98 0.27 0.65
S
0.06 0.06 0.65
Cl
0.44 0.97 0.65
Cl
0.55 0.47 0.43
Cl
0.55 0.47 0.87
Cl
0.87 0.28 0.93
Cl
0.87 0.28 0.37
Cl
0.16 0.55 0.43
Cl
0.16 0.55 0.87
Cl
0.48 0.95 0.15","Invalid structure: lengths=3, angles=0, species=0"
1624," the p.
0.50 0.51 0.29
C
0.85 0.87 0.58
C
0.16 0.16 0.99
I
0.85 0.87 0.09
I
0.16 0.16 0.48
O
0.86 0.37 0.50
O
0.86 0.87 0.65
O
0.86 0.11 0.08
O
0.15 0.87 0.08
O
0.16 0.67 0.50
O
0.16 0.37 0.97
O
0.16 0.92 0.50
O
0.41 0.16 0.50
O
0.50 0.51 0.79
O
0.50 0.51 0.29
O
0.61 0.87 0.08
O
0.61 0.16 0.97","Invalid structure: lengths=3, angles=0, species=0"
1631," the.48 0.48 0.45
C
0.54 0.18 0.82
C
0.04 0.68 0.08
As
0.25 0.89 0.84
As
0.75 0.97 0.06
As
0.33 0.38 0.06
As
0.83 0.49 0.84
Ru
0.04 0.98 0.06
Ru
0.54 0.88 0.84
Ru
0.04 0.48 0.56
Ru
0.54 0.38 0.33","Invalid structure: lengths=3, angles=0, species=0"
1644," the.16 0.14 0.52
Ti
0.81 0.29 0.66
Ti
0.27 0.52 0.02
Ti
0.49 0.79 0.52
Ti
0.99 0.02 0.16
Te
0.58 0.11 0.92
Te
0.70 0.61 0.26
Te
0.08 0.82 0.76
Te
0.20 0.32 0.42
Se
0.70 0.33 0.26
Se
0.08 0.60 0.92
Se
0.20 0.83 0.42
Se
0.58 0.10 0.76","Invalid structure: lengths=3, angles=0, species=0"
1662," the.00 1.00 1.00
30 0.15 0.08
Cs
0.88 0.90 0.86","Invalid structure: lengths=3, angles=0, species=0"
1712," the formula is Li5SnP3
0.66 0.26 0.90

.66 0.76 0.90
.66 0.26 0.40
Cl
0.34 0.53 0.12
Cl
0.98 0.98 0.68
Cl
0.34 0.08 0.12
Cl
0.98 0.43 0.68
Li
0.20 0.62 0.40
Li
0.12 0.90 0.40
Li
0.12 0.12 0.90
Li
0.20 0.40 0.90
Li
0.66 0.26 0.14
Li
0.66 0.26 0.66
Li
0.47 0.99 0.40
Li
0.85 0.52 0.40
Li
0.84 0.02 0.90
Li
0.49 0.49 0.90
Sn
0.16 0.76 0.90
Sn
0.66 0.76 0.40
P
0.34 0.54 0.61
P
0.99 0.97 0.18
P
0.34 0.08 0.61
P
0.99 0.43 0.18
P
0.51 0.55 0.61
P
0.82 0.96 0.18","Invalid structure: lengths=3, angles=3, species=0"
1815," the lattice is 4.0 4.0 4.0
90
90
90
0.62 0.84 0.92
Ga
0.12 0.34 0.42
Cu
0.62 0.34 0.42
Cu
0.12 0.84 0.42
Cu
0.12 0.34 0.92","Invalid structure: lengths=3, angles=0, species=0"
1850," the.99 0.58 1.00
0.42 0.86 0.72
0.81 0.73 0.50
In
0.62 0.45 0.20
In
0.02 0.06 0.10
In
0.21 0.16 0.60
In
0.61 0.45 0.71
Eu
0.41 0.86 0.31
Eu
0.21 0.15 0.00
Eu
0.81 0.75 0.90
Eu
0.02 0.06 0.50","Invalid structure: lengths=3, angles=3, species=0"
1939," the formula is BaCuSF
0.87 0.45 0.26
2.9 0.13 0.68
1.00 0.78 0.76
Ba
0.36 0.95 0.18
Cu
0.50 0.28 0.67
Cu
0.69 0.60 0.98
S
0.81 0.01 0.45
S
0.31 0.51 0.48
F
0.60 0.39 0.96","Invalid structure: lengths=3, angles=3, species=0"
1982," the.94 0.94 0.25
0.19 0.05 0.55
0.85 0.20 0.75
Mg
0.52 0.41 0.05
Mg
0.04 0.59 0.40
Mg
0.35 0.73 0.89","Invalid structure: lengths=3, angles=3, species=0"
2024," the formula is In
0.52 0.85 0.06
In
0.02 0.35 0.56
In
0.73 0.16 0.26
In
0.23 0.66 0.76
Pb
0.92 0.56 0.96
Pb
0.42 0.06 0.46
Pb
0.12 0.96 0.16
Pb
0.62 0.46 0.66","Invalid structure: lengths=3, angles=0, species=0"
2203," the c.05 1.00 0.65
0.61 0.50 0.38
0.11 0.50 0.15
Sm
0.90 0.00 0.99
Dy
0.40 0.00 0.88
Dy
0.29 0.50 0.59
Dy
0.79 0.50 0.49","Invalid structure: lengths=3, angles=3, species=0"
2283," the.77 0.77 0.45
0.88 0.46 0.58
0.75 0.16 0.73
Ir
0.53 0.40 0.90
Ir
0.08 0.40 0.90
Ir
0.21 0.16 0.07
Ir
0.95 0.83 0.99
Ir
0.74 0.11 0.08
Ir
0.45 0.83 0.99
Ir
0.59 0.40 0.40
Ir
0.44 0.83 0.49
Ir
0.09 0.40 0.40
Ir
0.32 0.11 0.58
Ir
0.94 0.84 0.49
Ru
0.25 0.66 0.68
Ru
0.02 0.90 0.73
Ru
0.69 0.66 0.68
Ru
0.38 0.46 0.18
Ru
0.52 0.90 0.73
Ru
0.82 0.66 0.18
Ru
0.19 0.66 0.18
Ru
0.69 0.16 0.33
Ru
0.88 0.46 0.00
Ru
0.03 0.00 0.23
Ru
0.37 0.00 0.23","Invalid structure: lengths=3, angles=3, species=0"
2287," the lattice coordinates:0.7 0.0 1.0
72 72 72
Zr
0.78 0.91 0.52
Zr
0.42 0.26 0.51
Zr
0.07 0.90 0.17
Zr
0.40 0.56 0.87
Zr
0.05 0.23 0.85
Au
0.40 0.91 0.85
Au
0.72 0.30 0.19
Au
0.80 0.67 0.22
Au
0.49 0.12 0.24
Au
0.73 0.24 0.61
Au
0.07 0.61 0.51
Au
0.43 0.57 0.54
Au
0.19 0.12 0.49
Au
0.08 0.32 0.27
Au
0.73 0.58 0.81
Au
0.11 0.86 0.86","Invalid structure: lengths=3, angles=0, species=0"
2468," the at.
0.95 0.91 0.83
Cd
0.45 0.41 0.33
Ag
0.95 0.41 0.33
Ag
0.95 0.91 0.33
Ag
0.45 0.91 0.33
Ag
0.45 0.41 0.83","Invalid structure: lengths=3, angles=0, species=0"
2471," is.25 0.25 0.53
0.61 0.56 0.96
0.11 0.06 0.03
Mn
0.33 0.39 0.14
Mn
0.83 0.89 0.84
Mn
0.98 0.73 0.34
Mn
0.48 0.23 0.64
Fe
0.39 0.83 0.99
Fe
0.89 0.33 0.99
Fe
0.48 0.73 0.34
Fe
0.98 0.23 0.64
As
0.18 0.49 0.83
As
0.68 0.99 0.15
As
0.69 0.60 0.63
As
0.19 0.10 0.35","Invalid structure: lengths=3, angles=3, species=0"
2606," the lattice vectors:0.60 0.05 0.00
111 108 108
Ba
0.91 0.02 0.93
Sr
0.91 0.52 0.43
Zr
0.41 0.02 0.43
Zr
0.41 0.52 0.93
Sn
0.91 0.52 0.93
Sn
0.41 0.52 0.43
O
0.10 0.72 0.84
O
0.60 0.32 0.01
O
0.11 0.12 0.23
O
0.61 0.92 0.63
O
0.42 0.23 0.73
O
0.41 0.81 0.13
O
0.71 0.73 0.33
O
0.31 0.31 0.52
O
0.00 0.31 0.63
O
0.22 0.73 0.43
O
0.72 0.12 0.23
O
0.51 0.92 0.83","Invalid structure: lengths=3, angles=0, species=0"
2613," the.93 ...0.06 1.00
23 55 58
Mg
0.22 0.95 0.21
Cd
0.23 0.45 0.21
Cd
0.73 0.95 0.71","Invalid structure: lengths=3, angles=0, species=0"
2729," the at.
1.00 1.00 1.00
1.00 0.67 0.68
1.00 0.34 0.36
H
0.19 0.34 0.82
H
0.80 0.34 0.82
H
0.19 0.00 0.60
H
0.80 0.00 0.60
H
0.80 0.66 0.06
H
0.19 0.66 0.06
O
0.23 0.22 0.78
O
0.76 0.22 0.78
O
0.23 0.11 0.53
O
0.76 0.11 0.53
O
0.76 0.78 0.03
O
0.23 0.78 0.03","Invalid structure: lengths=3, angles=3, species=0"
2734," the at.
0.79 0.41 1.00
at.
0.29 0.91 1.00
Nd
0.29 0.41 0.73
Nd
0.62 0.08 0.26
Nd
0.95 0.75 0.46
Nd
0.45 0.25 0.46
Mg
0.12 0.58 0.26
Mg
0.79 0.91 0.73
Ge
0.16 0.13 0.96
Ge
0.66 0.63 0.96
Ge
0.41 0.79 0.50
Ge
0.91 0.29 0.50","Invalid structure: lengths=3, angles=0, species=0"
2744," the atom type: 
H
1.00 0.60 0.71
H
0.26 0.25 0.71
H
0.74 0.75 0.21
H
0.49 0.10 0.21
H
0.95 0.55 0.04
H
0.20 0.30 0.04
H
0.79 0.80 0.54
H
0.53 0.05 0.54
H
0.95 0.33 0.54
H
0.20 0.52 0.54
H
0.79 0.02 0.04
H
0.53 0.83 0.04
B
0.87 0.18 0.65
B
0.62 0.43 0.65
B
0.12 0.93 0.15
B
0.37 0.68 0.15
N
0.87 0.43 0.65
N
0.62 0.18 0.65
N
0.12 0.68 0.15
N
0.37 0.93 0.15","Invalid structure: lengths=3, angles=0, species=0"
2761," is.10 0.20 0.11
Ru
0.41 0.53 0.63
Ru
0.91 0.03 0.63
Ru
0.91 0.53 0.13
Ni
0.41 0.03 0.13
O
0.21 0.43 0.98
O
0.71 0.93 0.98
O
0.71 0.43 0.48
O
0.21 0.93 0.48
O
0.66 0.72 0.23
O
0.16 0.23 0.73
O
0.16 0.72 0.80
O
0.66 0.23 0.80
O
0.41 0.38 0.30
O
0.91 0.88 0.30
O
0.91 0.38 0.73
O
0.41 0.88 0.73","Invalid structure: lengths=3, angles=0, species=0"
2794," the
0.48 0.85 0.78
the
0.89 0.46 0.48
La
0.49 0.86 0.27
La
0.88 0.45 0.99
Ga
0.01 0.15 0.68
Ga
0.36 0.16 0.58
Cu
0.04 0.85 0.83
Cu
0.33 0.46 0.43
Cu
0.01 0.86 0.43
Cu
0.36 0.45 0.83
O
0.94 0.86 0.68
O
0.43 0.45 0.58
O
0.06 0.85 0.09
O
0.32 0.46 0.18
O
0.06 0.31 0.72
O
0.32 0.99 0.55
O
0.94 0.31 0.28
O
0.43 0.99 0.98
O
0.66 0.85 0.46
O
0.70 0.46 0.80
O
0.36 0.12 0.29
O
0.01 0.19 0.97","Invalid structure: lengths=3, angles=0, species=0"
2825," the at. 2.7 2.7
90 90 119
Fe
0.65 0.78 0.18
Fe
0.98 0.45 0.68
Pt
0.31 0.12 0.93
Rh
0.31 0.12 0.43","Invalid structure: lengths=3, angles=0, species=0"
2944," the t
0.89 0.85 0.22
Rb
0.94 0.35 0.47
Rb
0.44 0.85 0.47
Na
0.94 0.85 0.72
Ce
0.44 0.35 0.97
F
0.20 0.62 0.23
F
0.20 0.08 0.23
F
0.71 0.09 0.71
F
0.71 0.62 0.71
F
0.18 0.09 0.95
F
0.18 0.63 0.95
F
0.69 0.62 0.01
F
0.69 0.09 0.01
F
0.44 0.35 0.25
F
0.44 0.35 0.69
F
0.94 0.85 0.44","Invalid structure: lengths=3, angles=0, species=0"
3043," the
0.93 0.85 0.07
T
0.56 0.49 0.18
T
0.43 0.99 0.86
T
0.20 0.11 0.36
T
0.70 0.35 0.68
T
0.93 0.35 0.07
T
0.20 0.61 0.57
T
0.56 0.85 0.28
T
0.43 0.11 0.57
T
0.20 0.49 0.07
T
0.70 0.61 0.78
T
0.93 0.99 0.68
T
0.06 0.85 0.36
T
0.06 0.35 0.86
T
0.56 0.61 0.46
T
0.70 0.11 0.96
Ru
0.70 0.20 0.27
Ru
0.20 0.20 0.77
Ru
0.43 0.70 0.97
Ru
0.43 0.50 0.77
Ru
0.20 0.70 0.27
Ru
0.93 0.20 0.47
Ru
0.70 0.00 0.47
Ru
0.93 0.50 0.47
Ru
0.93 0.00 0.27
Ru
0.43 0.20 0.97
Ru
0.20 0.70 0.77
Ru
0.70 0.70 0.97","Invalid structure: lengths=3, angles=0, species=0"
3047," the at.
0.91 0.57 1.00
1.00 1.00 0.74
1.00 1.00 0.24
1.00 0.50 0.74
1.00 1.00 0.24
Cu
0.71 0.38 0.37
Cu
0.71 0.38 0.87
Cu
0.29 0.20 0.87
Cu
0.29 0.20 0.37
Sb
0.66 0.67 0.50
Sb
0.66 0.67 1.00
Sb
0.33 0.92 0.50
Sb
0.33 0.92 1.00","Invalid structure: lengths=3, angles=3, species=0"
3058," the
0.56 1.00 0.68
the
0.06 0.50 0.18
Y
0.81 0.00 0.18
Y
0.31 0.50 0.68
Y
0.56 0.50 0.36
Si
0.06 0.82 0.47
Si
0.06 0.19 0.47
Si
0.70 0.82 0.47
Si
0.06 0.82 0.88
Si
0.06 0.19 0.88
Si
0.38 0.19 0.88
Rh
0.32 0.00 0.09
Rh
0.82 0.50 0.59
Rh
0.56 0.25 0.08
Rh
0.56 0.75 0.08","Invalid structure: lengths=3, angles=0, species=0"
3068," the
0.33 1.00 1.00
Na
0.25 0.86 0.35
Li
0.62 0.60 0.59
La
0.74 0.50 0.86
La
0.12 0.10 0.60
Ti
0.61 0.09 0.19
Ti
0.12 0.59 0.19
Ti
0.76 0.90 0.47
Ti
0.26 0.41 0.47
O
0.56 0.67 0.05
O
0.06 0.15 0.05
O
0.76 0.90 0.25
O
0.26 0.40 0.26
O
0.69 0.03 0.69
O
0.19 0.53 0.69
O
0.86 0.78 0.60
O
0.36 0.28 0.61
O
0.60 0.13 0.43
O
0.10 0.63 0.44
O
0.62 0.60 0.33
O
0.12 0.10 0.34","Invalid structure: lengths=3, angles=0, species=0"
3139," the e.0114 0.00 0.66
0.53 0.60 0.01
Sr
0.21 0.33 0.34
Sr
0.03 0.83 0.16
Sr
0.71 0.10 0.51
Sr
0.53 0.60 0.66
Sr
0.21 0.33 0.84
Sr
0.03 0.83 0.51
Sr
0.71 0.10 0.16
Sr
0.53 0.60 0.34
O
0.88 0.45 0.09
O
0.36 0.96 0.09
O
0.36 0.96 0.59
O
0.88 0.45 0.59
O
0.38 0.46 0.09
O
0.86 0.95 0.09
O
0.86 0.95 0.59
O
0.38 0.46 0.59","Invalid structure: lengths=3, angles=0, species=0"
3174," the coordinates for the atom type and coordinates for each atom:0.61 0.94 h.e.
65 90 90
Tm
0.61 0.36 0.80
Tm
0.11 0.86 0.80
Cu
0.36 0.61 0.30
Ge
0.36 0.21 0.47
Ge
0.86 0.02 0.13
Ge
0.86 0.61 0.47
Ge
0.36 0.71 0.99
O
0.66 0.96 0.97
O
0.36 0.72 0.72
O
0.16 0.41 0.63
O
0.56 0.91 0.63
O
0.86 0.02 0.37
O
0.36 0.69 0.19
O
0.66 0.42 0.46
O
0.86 0.66 0.69
O
0.16 0.91 0.46
O
0.36 0.19 0.92
O
0.06 0.41 0.97
O
0.06 0.92 0.13","Invalid structure: lengths=3, angles=0, species=0"
3264," of.05 0.05 0.01
Co
0.88 0.55 0.63
Co
0.38 0.55 0.63
Co
0.63 0.05 0.63
S
0.13 0.55 0.44
S
0.63 0.55 0.44
S
0.88 0.05 0.44
S
0.38 0.05 0.44
S
0.88 0.35 0.80
S
0.38 0.35 0.80
S
0.63 0.85 0.80
S
0.13 0.85 0.80","Invalid structure: lengths=3, angles=0, species=0"
3293," the t0.42 1.00 0.48
Ti
0.34 0.34 0.74
Ti
0.97 0.67 0.22
Ti
0.97 0.16 0.74
Ti
0.34 0.84 0.22
Li
0.77 0.76 0.65
Li
0.54 0.25 0.32
Li
0.54 0.75 0.14
Li
0.77 0.26 0.83
V
0.05 0.40 0.48
V
0.25 0.61 0.48
V
0.25 0.11 0.98
V
0.05 0.90 0.98
Ir
0.77 0.48 0.48
Ir
0.54 0.57 0.48
Ir
0.54 0.07 0.98
Ir
0.77 0.98 0.98
Ir
0.10 0.52 0.98
Ir
0.10 0.02 0.48","Invalid structure: lengths=3, angles=0, species=0"
3390," the at.
0.00 0.66 0.56
 rest
0.50 0.16 0.06
K
0.48 0.75 0.77
K
0.53 0.57 0.27
K
0.93 0.06 0.46
K
0.08 0.26 0.96
Pa
0.01 0.66 0.06
Pa
0.50 0.16 0.56
F
0.17 0.78 0.29
F
0.84 0.54 0.79
F
0.68 0.00 0.19
F
0.33 0.32 0.69
F
0.30 0.25 0.34
F
0.71 0.07 0.84
F
0.81 0.82 0.15
F
0.19 0.50 0.65
F
0.91 0.37 0.17
F
0.10 0.96 0.67
F
0.40 0.04 0.47
F
0.61 0.29 0.97
F
0.37 0.85 0.01
F
0.64 0.47 0.51","Invalid structure: lengths=3, angles=0, species=0"
3417," the:0.67 0.0 1.00
a.c. 3.8 5.8
70 90 90
La
0.37 0.29 0.89
Pr
0.87 0.79 0.39
Co
0.37 0.61 0.25
Co
0.37 0.96 0.53
Co
0.87 0.20 0.62
Co
0.87 0.38 0.21
P
0.37 0.44 0.53
P
0.37 0.13 0.25
P
0.87 0.93 0.72
P
0.87 0.64 0.11","Invalid structure: lengths=3, angles=0, species=0"
3694," the lattice coordinates for each atom:0.71 0.09 0.00
1.00 1.00 0.29
Sm
0.50 0.50 0.79
Mg
0.20 0.70 0.50
Mg
0.70 0.20 0.50
Hg
0.30 0.10 0.79
Hg
0.80 0.60 0.29
Hg
0.10 0.40 0.00
Hg
0.60 0.90 0.50","Invalid structure: lengths=3, angles=0, species=0"
3755," the lattice coordinates for each atom:0.18 1.00 0.91
x
0.23 0.11 0.47
Sc
0.73 0.61 0.47
Mo
0.20 0.61 0.70
Mo
0.70 0.11 0.23
O
0.43 0.61 0.58
O
0.12 0.61 0.89
O
0.23 0.61 0.29
O
0.73 0.11 0.56
O
0.62 0.11 0.99
O
0.93 0.11 0.30
O
0.21 0.61 0.61
O
0.40 0.11 0.21
O
0.72 0.11 0.28
O
0.91 0.11 0.92
O
0.90 0.61 0.38
O
0.41 0.11 0.71","Invalid structure: lengths=3, angles=0, species=0"
3767," the.65 0.65 0.59
x
0.27 0.03 0.90
Zn
0.07 0.25 0.19
Zn
0.45 0.84 0.69
Zn
0.45 0.34 0.69
Zn
0.07 0.75 0.19
Zn
0.87 0.44 0.49
Zn
0.65 0.15 0.99
Zn
0.65 0.55 0.99
Zn
0.87 0.94 0.49
Zn
0.37 0.44 0.18
Zn
0.16 0.65 0.68
Zn
0.16 0.04 0.68
Zn
0.37 0.94 0.18
Pu
0.94 0.34 0.81
Pu
0.58 0.75 0.31
Pu
0.58 0.25 0.31
Pu
0.94 0.84 0.81","Invalid structure: lengths=3, angles=0, species=0"
3772," the formula is Ho
0.62 0.87 0.55
Ho
0.12 0.37 0.14
Ho
0.92 0.71 0.84
Ho
0.42 0.21 0.84
Pt
0.32 0.62 0.55
Pt
0.82 0.12 0.14","Invalid structure: lengths=3, angles=0, species=0"
3798," the
0.21 0.40 0.36
The
1.00 0.70 0.24
The
1.00 0.70 0.76
The
0.71 0.90 0.86
The
0.71 0.90 0.47
La
0.50 0.20 0.09
La
0.21 0.40 0.97
La
0.50 0.20 0.60
Pd
0.21 0.90 0.96
Pd
0.51 0.71 0.75
Pd
0.90 0.06 0.15
Pd
0.90 0.06 0.65
Pd
0.21 0.90 0.47
Pd
0.70 0.40 0.47
Pd
0.36 0.54 0.15
Pd
0.70 0.40 0.96","Invalid structure: lengths=3, angles=0, species=0"
3816," the
0.54
1.00 0.30
Cs
0.31 0.64 0.72
P
0.81 0.14 0.22
F
0.75 0.88 0.27
F
0.96 0.88 0.17
F
0.86 0.30 0.11
F
0.25 0.18 0.11
F
0.09 0.58 0.11
F
0.67 0.09 0.11","Invalid structure: lengths=3, angles=0, species=0"
3837," the0.81 0.88 0.61
Rb
0.70 0.57 0.87
Rb
0.20 0.07 0.37
Rb
0.96 0.79 0.11
Mn
0.46 0.29 0.61
Mn
0.32 0.36 0.11
P
0.18 0.59 0.73
P
0.72 0.05 0.95
P
0.46 0.79 0.53
P
0.32 0.36 0.70
P
0.45 0.30 0.99
P
0.82 0.21 0.23
P
0.72 0.05 0.45
P
0.18 0.59 0.23","Invalid structure: lengths=3, angles=0, species=0"
3848," the:0.65 0.14 0.57
N
0.27 0.26 0.71
N
0.63 0.88 0.21
F
0.42 0.60 0.89
F
0.08 0.16 0.87
F
0.72 0.79 0.37
F
0.00 0.41 0.39","Invalid structure: lengths=3, angles=0, species=0"
3850," the lattice type:
4.3
4.3
16.2
16.2
154
Tb
0.44 0.32 0.21
Tb
0.51 0.25 0.48
Tb
0.37 0.40 0.94
Tb
0.30 0.47 0.70
Ga
0.88 0.90 0.31
Ga
0.88 0.90 0.80
Ga
0.73 0.04 0.06
Ga
0.06 0.69 0.12
Ga
0.07 0.68 0.28
Ga
0.07 0.68 0.55
Ga
0.71 0.05 0.37
Ga
0.63 0.12 0.79
Ga
0.38 0.40 0.44
Ga
0.81 0.96 0.59
Ga
0.94 0.82 0.63
Ga
0.95 0.81 0.97","Invalid structure: lengths=3, angles=0, species=0"
3873," the.71 0.71 0.60
0.46 0.85 0.90
0.67 0.57 0.21
Ta
0.51 0.16 0.63
Ta
0.87 0.00 0.78
Ta
0.58 0.30 0.99
Ta
0.46 0.66 0.49
Ta
0.08 0.00 0.40
Ta
0.00 0.57 0.81
Ta
0.96 0.20 0.13
Ta
0.38 0.07 0.28
Cr
0.18 0.45 0.13
Cr
0.27 0.30 0.50
Cr
0.77 0.80 0.08
Cr
0.26 0.81 0.69
Cr
0.78 0.40 0.49
Cr
0.67 0.90 0.30
B
0.05 0.86 0.16
B
0.10 0.93 0.95
B
0.60 0.26 0.24
B
0.71 0.73 0.85
B
0.21 0.47 0.35
B
0.54 0.34 0.45
B
0.14 0.25 0.74
B
0.63 0.94 0.56","Invalid structure: lengths=3, angles=3, species=0"
3892," the
0.85 0.17 1.00
Y
0.55 0.17 0.29
Y
0.05 0.67 0.90
Y
0.05 0.17 0.49
Y
0.55 0.67 0.79
Mn
0.35 0.98 0.79
Mn
0.25 0.87 0.29
Mn
0.35 0.37 0.99
Mn
0.25 0.48 0.49
Mn
0.75 0.87 0.49
Mn
0.85 0.98 0.79
Mn
0.75 0.48 0.29
Mn
0.85 0.37 0.99
Si
0.45 0.17 0.60
Si
0.16 0.67 0.59
Si
0.16 0.17 0.10
Si
0.45 0.67 0.10
Si
0.95 0.67 0.60
Si
0.66 0.17 0.60","Invalid structure: lengths=3, angles=0, species=0"
3908," of.61 0.79 0.46
0.47 0.47 0.22
0.32 0.92 0.99
H
0.17 0.43 0.56
H
0.65 0.23 0.80
H
0.21 0.31 0.64
H
0.64 0.70 0.88
P
0.35 0.55 0.96
P
0.44 0.05 0.39
P
0.85 0.61 0.12
P
0.94 0.11 0.50
Os
0.09 0.47 0.40
Os
0.78 0.92 0.55
Os
0.09 0.28 0.77
Os
0.78 0.83 0.16
S
0.22 0.75 0.26
S
0.64 0.36 0.46
S
0.21 0.01 0.49
S
0.64 0.51 0.97","Invalid structure: lengths=3, angles=3, species=0"
3932," the e.0 4.3 6.9
90 90 90
Lu
0.53 0.49 0.81
Lu
0.03 0.49 0.28
Ge
0.53 0.99 0.14
Ge
0.03 0.99 0.95
Ir
0.28 0.99 0.54
Ir
0.78 0.99 0.54
Ir
0.53 0.49 0.42
Ir
0.03 0.49 0.67","Invalid structure: lengths=3, angles=0, species=0"
4037," is.07 0.00 0.06
0.71 0.35 0.56
1.00 0.67 0.31
1.00 0.67 0.81
Co
0.01 0.35 0.56
Co
0.20 0.56 0.56
Co
0.50 0.77 0.56
Co
0.70 0.86 0.06
Co
0.30 0.17 0.56
Co
0.50 0.57 0.06
Co
0.69 0.97 0.56
Co
0.91 0.15 0.56
Co
0.80 0.67 0.56
Co
0.19 0.87 0.56
Co
0.31 0.17 0.06
Co
0.50 0.47 0.56
Co
0.80 0.16 0.06
Co
0.00 0.17 0.81
Co
0.50 0.17 0.31
Co
0.50 0.17 0.81
Co
0.50 0.17 0.06
Ge
0.71 0.50 0.81
Ge
0.71 0.50 0.31
Ge
0.30 0.94 0.81
Ge
0.30 0.94 0.31
Ge
0.16 0.47 0.06
Ge
0.84 0.97 0.06","Invalid structure: lengths=3, angles=3, species=0"
4082," the formula is YInNi
0.70 0.95 0.74

Y
0.20 0.45 0.24
Y
0.20 0.95 0.24
Y
0.70 0.45 0.24
In
0.70 0.95 0.24
In
0.95 0.20 0.74
In
0.45 0.70 0.74
In
0.45 0.20 0.74
Ni
0.20 0.45 0.74
Ni
0.95 0.70 0.74","Invalid structure: lengths=3, angles=0, species=0"
4107," is 4.1 4.1 2.5
90
90
48
0.57 0.88 0.35
Be
0.26 0.57 0.85
Be
0.88 0.19 0.85
Fe
0.07 0.38 0.35","Invalid structure: lengths=3, angles=0, species=0"
4175," the.08 0.00 1.00
22
0.04 0.36 0.39
C
0.43 0.16 0.69
C
0.68 0.16 0.69
C
0.43 0.50 0.19
C
0.68 0.50 0.19
C
0.04 0.86 0.89","Invalid structure: lengths=3, angles=0, species=0"
4190," is.08 0.00 0.36
Sn
0.76 0.89 0.64
Sn
0.40 0.89 0.36
Sn
0.58 0.57 0.64
Sn
0.92 0.57 0.36
Sn
0.58 0.25 0.14
Sn
0.25 0.25 0.64
Mn
0.48 0.66 0.99
Mn
0.99 0.17 0.99
Mn
0.99 0.66 0.99
Mn
0.48 0.17 0.99
Mn
0.90 0.39 0.86
Mn
0.26 0.39 0.14
Mn
0.26 0.75 0.86
Mn
0.90 0.75 0.14
Mn
0.64 0.02 0.86
Mn
0.64 0.39 0.86
Mn
0.64 0.02 0.14
Mn
0.13 0.53 0.64
Mn
0.13 0.02 0.64
Mn
0.13 0.02 0.14
Mn
0.64 0.02 0.36
Mn
0.64 0.53 0.36","Invalid structure: lengths=3, angles=0, species=0"
4242," is 4.0 4.0
90 90 90
La
0.97 0.33 0.32
Cu
0.47 0.83 0.32
S
0.47 0.83 0.82
O
0.97 0.33 0.82","Invalid structure: lengths=3, angles=0, species=0"
4320," the lattice type is
C
1
0.73 0.88 0.22
C
0.23 0.38 0.72
Mo
0.48 0.63 0.47
Mo
0.98 0.13 0.97
O
0.52 0.42 0.62
O
0.44 0.83 0.32
O
0.94 0.33 0.82
O
0.02 0.92 0.12
O
0.77 0.09 0.33
O
0.18 0.17 0.61
O
0.27 0.59 0.83
O
0.68 0.67 0.11","Invalid structure: lengths=3, angles=0, species=0"
4410," the at.
0.74 0.27 0.80
Y
0.35 0.92 0.50
Y
0.09 0.92 0.00
Y
0.70 0.50 0.50
Y
0.74 0.57 0.00
Y
0.09 0.27 0.65
Y
0.35 0.27 0.15
Y
0.09 0.57 0.30
Y
0.34 0.50 0.80
Ga
0.51 0.79 0.25
Ga
0.48 0.09 0.80
Ga
0.77 0.99 0.50
Ga
0.66 0.09 0.30
Ga
0.17 0.71 0.75
Ga
0.96 0.79 0.60
Ga
0.96 0.79 0.25
Ga
0.17 0.35 0.00
Ga
0.77 0.99 0.90
Ga
0.96 0.35 0.40
Ga
0.48 0.71 0.00
Ga
0.51 0.35 0.60
Ga
0.66 0.71 0.75
Ga
0.48 0.09 0.40
Ga
0.17 0.09 0.90","Invalid structure: lengths=3, angles=0, species=0"
4411," the lattice coordinates for each atom:0.5 0.0 1.0
90 90 90
Hf
0.64 0.01 0.79
Hf
0.14 0.51 0.29
In
0.14 0.51 0.79
In
0.64 0.01 0.29
Cu
0.64 0.51 0.54
Cu
0.14 0.01 0.54
Cu
0.64 0.51 0.04
Cu
0.14 0.01 0.04","Invalid structure: lengths=3, angles=0, species=0"
4485," the.66 0.66 
0.66 0.16 1.00
C
0.66 0.16 0.79
C
0.66 0.66 0.20
C
0.16 0.97 0.50
C
0.16 0.47 0.50
N
0.77 0.06 0.79
N
0.56 0.27 0.20
N
0.77 0.56 0.20
N
0.56 0.77 0.79
N
0.06 0.77 0.50
N
0.27 0.06 0.50
N
0.06 0.27 0.50
N
0.27 0.56 0.50","Invalid structure: lengths=3, angles=0, species=0"
4509," the.47 0.65 0.83
0.18 0.73 0.59
0.94 0.90 0.95
Bi
0.71 0.02 0.67
Bi
0.01 0.37 0.41
Bi
0.51 0.47 0.30
Bi
0.21 0.18 0.03","Invalid structure: lengths=3, angles=3, species=0"
4607," is 3.6 3.6
100 100 129
Tm
0.57 0.50 0.89
Tm
0.95 0.89 0.58
C
0.26 0.19 0.70
N
0.26 0.70 0.30
N
0.76 0.20 0.30
O
0.26 0.20 0.30","Invalid structure: lengths=3, angles=0, species=0"
4666," of 3.9 11.0
90 90 90
Ce
0.18 0.92 0.26
Ce
0.68 0.64 0.76
Ho
0.18 0.42 0.07
Ho
0.68 0.14 0.57
Ho
0.18 0.94 0.77
Ho
0.68 0.62 0.27
Ho
0.18 0.42 0.55
Ho
0.68 0.14 0.05
S
0.18 0.19 0.40
S
0.68 0.37 0.90
S
0.18 0.08 0.93
S
0.68 0.48 0.43
S
0.18 0.76 0.61
S
0.68 0.81 0.11
S
0.18 0.76 0.03
S
0.68 0.81 0.53
S
0.18 0.47 0.74
S
0.68 0.09 0.24
S
0.18 0.46 0.29
S
0.68 0.10 0.79","Invalid structure: lengths=3, angles=0, species=0"
4782," the:0.57 0.37 1.00
H
0.55 0.75 0.94
H
0.57 0.10 0.05
H
0.91 0.35 0.44
H
0.22 0.38 0.55
O
0.56 0.65 0.95
O
0.57 0.00 0.04
O
0.86 0.36 0.45
O
0.27 0.37 0.54","Invalid structure: lengths=3, angles=0, species=0"
4876," is.40 0.40 0.40
0.61 0.81 0.72
0.37 0.07 0.91
Fe
0.57 0.70 0.11
Fe
0.48 0.92 0.34
Fe
0.79 0.01 0.00
Fe
0.69 0.33 0.14
Fe
0.87 0.90 0.44
Fe
0.80 0.22 0.77
Fe
0.98 0.10 0.21
Fe
0.09 0.40 0.04
Fe
0.19 0.19 0.42
Fe
0.99 0.60 0.60
Fe
0.07 0.31 0.70
Fe
0.29 0.51 0.83
As
0.52 0.60 0.59
As
0.43 0.22 0.66
As
0.67 0.55 0.91
As
0.79 0.80 0.19
As
0.91 0.68 0.86
As
0.09 0.92 0.55
As
0.20 0.77 0.01
As
0.31 0.02 0.24","Invalid structure: lengths=3, angles=3, species=0"
4910," the lattice vectors:0.5 0.0 1.0
90 90 90
Yb
0.62 0.27 0.85
Yb
0.12 0.77 0.85
In
0.12 0.27 0.35
In
0.62 0.77 0.35
Rh
0.37 0.02 0.60
Rh
0.87 0.52 0.60
Rh
0.37 0.02 0.10
Rh
0.87 0.52 0.10","Invalid structure: lengths=3, angles=0, species=0"
4928," the0.51 0.43 1.00
Ba
0.51 0.43 0.50
Ba
0.01 0.93 0.50
Ba
0.01 0.43 0.00
Ba
0.51 0.93 0.00
Ce
0.01 0.93 0.00
Mn
0.01 0.43 0.50
Mn
0.51 0.93 0.50
Mn
0.51 0.43 0.00
O
0.01 0.43 0.72
O
0.51 0.93 0.72
O
0.51 0.43 0.20
O
0.01 0.93 0.20
O
0.28 0.66 0.98
O
0.78 0.16 0.98
O
0.28 0.66 0.53
O
0.78 0.16 0.53
O
0.24 0.21 0.87
O
0.74 0.71 0.87
O
0.24 0.21 0.34
O
0.74 0.71 0.34","Invalid structure: lengths=3, angles=0, species=0"
4941," the0.11 0.55 1.00
Hf
0.75 0.05 0.48
Hf
0.26 0.80 0.24
Hf
0.26 0.31 0.74
Nb
0.76 0.55 0.48
Nb
0.25 0.05 0.98
Ga
0.55 0.55 0.20
Ga
0.03 0.05 0.70
Ga
0.03 0.05 0.28
Ga
0.54 0.55 0.78","Invalid structure: lengths=3, angles=0, species=0"
5059," is.99 0.72 0.39
1.00 0.38 0.56
0.70 0.86 0.06
Be
0.48 0.38 0.40
Be
0.20 0.86 0.90
Be
0.68 0.62 0.64
Be
0.20 0.13 0.14
B
0.07 0.88 0.67
B
0.52 0.12 0.87
B
0.64 0.36 0.17
B
0.18 0.59 0.86
O
0.10 0.75 0.56
O
0.25 0.18 0.96
O
0.66 0.76 0.58
O
0.61 0.27 0.06
O
0.23 0.02 0.30
O
0.42 0.42 0.54
O
0.76 0.53 0.46
O
0.40 0.90 0.04
O
0.01 0.75 0.08
O
0.89 0.07 0.65
O
0.59 0.25 0.80
O
0.77 0.45 0.17
F
0.08 0.50 0.80
F
0.40 0.67 0.80
F
0.78 0.96 0.30
F
0.99 0.25 0.30","Invalid structure: lengths=3, angles=3, species=0"
5083," the
0.18 1.00 1.00
the
0.68 0.50 0.50
Li
0.43 0.75 0.25
Li
0.93 0.25 0.75
Li
0.93 0.75 0.75
Li
0.43 0.25 0.25
V
0.93 0.25 0.25
V
0.43 0.75 0.75
Cr
0.93 0.75 0.25
Cr
0.43 0.25 0.75
O
0.10 0.90 0.36
O
0.60 0.40 0.86
O
0.75 0.59 0.14
O
0.25 0.09 0.64
O
0.12 0.42 0.40
O
0.62 0.92 0.90
O
0.27 0.61 0.99
O
0.77 0.11 0.49
O
0.27 0.42 0.11
O
0.77 0.92 0.61
O
0.62 0.11 0.26
O
0.12 0.61 0.76","Invalid structure: lengths=3, angles=0, species=0"
5103," is.52.0 5.9 8.2
80 90 90
Nd
0.79 0.27 0.04
Nd
0.29 0.65 0.43
Nd
0.79 0.18 0.44
Nd
0.29 0.75 0.03
Ge
0.55 0.46 0.73
Ge
0.05 0.46 0.73
Ge
0.55 0.96 0.73
Ge
0.05 0.96 0.73
Ge
0.48 0.33 0.33
Ge
0.98 0.59 0.14
Ge
0.61 0.59 0.14
Ge
0.11 0.33 0.33
Ge
0.98 0.86 0.33
Ge
0.48 0.06 0.14
Ge
0.11 0.06 0.14
Ge
0.61 0.86 0.33
Ir
0.48 0.16 0.82
Ir
0.98 0.77 0.65
Ir
0.61 0.77 0.65
Ir
0.11 0.16 0.82
Ir
0.48 0.91 0.94
Ir
0.98 0.02 0.53","Invalid structure: lengths=3, angles=0, species=0"
5163," the
0.50 1.00 1.00
Ce
0.11 0.19 0.30
Ce
0.80 0.80 0.69
Ce
0.11 0.69 0.19
Ce
0.80 0.30 0.80
Si
0.32 0.17 0.64
Si
0.59 0.82 0.35
Si
0.32 0.67 0.85
Si
0.59 0.32 0.14
Si
0.63 0.12 0.50
Si
0.57 0.87 0.59
Si
0.63 0.62 0.09
Si
0.57 0.37 0.00
Ru
0.26 0.21 0.93
Ru
0.04 0.77 0.43
Ru
0.26 0.71 0.56
Ru
0.04 0.27 0.06","Invalid structure: lengths=3, angles=0, species=0"
5191," the t
0.77 0.36 1.00
the t
0.77 0.60 0.66
the t
0.41 0.36 0.33
Ca
0.41 0.60 0.99
Ca
0.03 0.83 0.33
Be
0.77 0.31 0.66
Be
0.77 0.06 0.34
Be
0.77 0.87 0.99
Be
0.22 0.37 0.67
Be
0.21 0.81 0.87
Be
0.22 0.06 0.01
O
0.97 0.34 0.73
O
0.97 0.98 0.97
O
0.97 0.67 0.58
O
0.58 0.34 0.58
O
0.58 0.00 0.36
O
0.58 0.66 0.75
O
0.32 0.33 0.04
O
0.33 0.62 0.35
O
0.32 0.93 0.99
O
0.77 0.64 0.04
O
0.77 0.93 0.69
O
0.77 0.30 0.30","Invalid structure: lengths=3, angles=0, species=0"
5208," the.54 0.54 0.56

O
0.96 0.22 0.37
O
0.95 0.65 0.87
O
0.34 0.65 0.32
O
0.33 0.12 0.82
Mn
0.96 0.15 0.91
Mn
0.33 0.65 0.80
Mn
0.34 0.15 0.30
Mn
0.96 0.65 0.41
P
0.48 0.02 0.56
P
0.81 0.77 0.06
P
0.81 0.52 0.20
P
0.48 0.27 0.70","Invalid structure: lengths=3, angles=0, species=0"
5340," the0.47 0.54 1.00
C
0.40 0.20 0.64
C
0.54 0.88 0.35
C
0.70 0.88 0.64
C
0.25 0.20 0.35
C
0.40 0.16 0.75
C
0.54 0.91 0.24
C
0.70 0.91 0.75
C
0.25 0.16 0.24
Nb
0.61 0.54 0.70
Nb
0.33 0.54 0.29
Nb
0.95 0.54 0.70
Nb
0.95 0.54 0.29
Nb
0.53 0.20 0.50
Nb
0.40 0.88 0.49
Nb
0.95 0.20 0.50
Nb
0.95 0.88 0.50
Nb
0.65 0.21 0.83
Nb
0.30 0.88 0.16
Nb
0.95 0.88 0.83
Nb
0.95 0.21 0.16","Invalid structure: lengths=3, angles=0, species=0"
5381," the (0.53 0.41 1.00
0.70 0.22 0.43
39 1.89 0.77
B
0.23 0.62 0.72
B
0.87 0.62 0.72
B
0.50 0.96 0.15
B
0.83 0.96 0.15
B
0.33 0.50 0.43
B
1.00 0.76 0.43
B
0.23 0.29 0.57
B
0.57 0.83 0.43
B
0.57 0.29 0.72
B
0.23 0.83 0.43
B
0.83 0.29 0.60
B
0.87 0.19 0.15
B
0.16 0.50 0.15
B
0.16 0.96 0.00
B
0.93 0.66 0.00
B
0.93 0.12 0.72
B
0.23 0.12 0.88
B
0.57 0.66 0.72
B
0.57 0.12 0.88
B
0.50 0.50 0.60
B
0.83 0.66 0.57
B
0.50 0.04 0.57
B
0.43 0.04 0.34
B
0.43 0.66 0.15
B
0.33 0.83 0.34","Invalid structure: lengths=3, angles=3, species=0"
5396," the
0.32 0.54 1.00
b
0.64 0.67 0.16
b
0.14 0.08 0.04
b
0.84 0.13 0.66
b
0.37 0.97 0.54
b
0.64 0.67 0.83
b
0.14 0.08 0.39
b
0.84 0.13 0.20
b
0.37 0.97 0.89
Tb
0.01 0.39 0.73
Tb
0.51 0.44 0.35
Tb
0.98 0.80 0.23
Tb
0.48 0.86 0.32
Al
0.78 0.83 0.53
Al
0.56 0.29 0.03
Al
0.44 0.38 0.66
Al
0.94 0.87 0.85
Al
0.07 0.65 0.52
Al
0.28 0.27 0.21
Si
0.24 0.73 0.70
Si
0.74 0.50 0.56
Si
0.69 0.08 0.86
Si
0.19 0.16 0.69
Si
0.69 0.59 0.02
Si
0.19 0.64 0.25","Invalid structure: lengths=3, angles=0, species=0"
5451," is 7.5 0.85  0.21
The band gap is 1.01485993
Generate an element that could replace the material:
La","Invalid structure: lengths=3, angles=0, species=1"
5549," the
0.93
1.10 1.00
​1.00
1.00 1.00
1.00
1.00
3.00
0.60 0.86
1.00
1.00 1.00
1.00 1.00
1.00 1.00
1.00 0.50 0.50
1.00 0.50 1.00
1.00 0.50 1.00
Cu
0.50 0.75 0.85
Cu
0.50 0.75 0.35
Se
0.66 0.58 0.68
Se
0.66 0.58 0.18
Se
0.33 0.33 0.17
Se
0.33 0.33 0.68
O
0.80 0.62 0.44
O
0.80 0.62 0.94
O
0.80 0.19 0.94
O
0.80 0.19 0.44
O
0.72 0.79 0.68
O
0.72 0.79 0.18
O
0.28 0.79 0.68
O
0.28 0.79 0.18
O
0.28 0.28 0.94
O
0.28 0.28 0.44
O
0.28 0.04 0.68
O
0.28 0.04 0.18","Invalid structure: lengths=3, angles=3, species=0"
5564," of 3.6 3.6
90 90 90
Ti
0.08 0.11 0.81
Co
0.58 0.61 0.81
Ni
0.08 0.61 0.56
Ni
0.08 0.61 0.07
Ni
0.58 0.11 0.56
Ni
0.58 0.11 0.07","Invalid structure: lengths=3, angles=0, species=0"
5601," the.15 .15 0.50

Generate an element that could replace the element:
PtRh
3.7 1.00 1.00
PtRh
1.00 0.30 1.00
Rh
1.00 1.00 0.29
Rh
0.74 0.80 0.79
Rh
0.25 0.50 0.79
Rh
0.74 0.30 0.50
Rh
1.00 0.50 0.29
Rh
0.24 0.80 1.00","Invalid structure: lengths=3, angles=0, species=8"
5630," of.50 0.50 0.05
Cl
0.28 0.80 0.32
Cl
0.58 0.11 0.37
Cl
0.51 0.13 0.82
Cl
0.29 0.78 0.87
Br
0.01 0.62 0.02
Br
0.78 0.28 0.09
Br
0.79 0.29 0.59
Br
0.00 0.62 0.52","Invalid structure: lengths=3, angles=0, species=0"
5663," is.65 0.65 0.65
Rb
0.95 0.79 0.29
Rb
0.27 0.43 0.79
Na
0.64 0.16 0.04
Na
0.58 0.12 0.54
Al
0.06 0.22 0.38
Al
0.06 0.05 0.88
F
0.99 0.29 0.21
F
0.03 0.41 0.48
F
0.54 0.78 0.48
F
0.86 0.94 0.99
F
0.46 0.92 0.98
F
0.99 0.13 0.67
F
0.80 0.22 0.49
F
0.26 0.16 0.17
F
0.28 0.07 0.71
F
0.28 0.70 0.98
F
0.56 0.45 0.98
F
0.63 0.63 0.17","Invalid structure: lengths=3, angles=0, species=0"
5675," of.66 0.05 0.12
0.84 0.69 0.42
0.45 0.30 0.73
K
0.14 0.43 0.96
K
0.05 0.99 0.69
Pd
0.50 0.80 0.37
Cl
0.61 0.40 0.44
Cl
0.58 0.90 0.68
Cl
0.60 0.86 0.17
Cl
0.58 0.33 0.98","Invalid structure: lengths=3, angles=3, species=0"
5836," the.75 0.79 1.00
Te
0.75 0.49 0.37
Te
0.06 0.46 0.15
Te
0.06 0.79 0.37
Te
0.75 0.80 0.61
Te
0.06 0.10 0.61
Te
0.36 0.79 0.15
Te
0.36 0.46 0.61
Te
0.36 0.10 0.37
Ir
0.63 0.17 0.51
Ir
0.63 0.68 0.27
Ir
0.63 0.17 0.26","Invalid structure: lengths=3, angles=0, species=0"
5911," the.14 0.11 0.74
0.40 0.65 0.48
0.66 0.81 0.98
Ge
0.40 0.36 0.22
Ge
0.92 0.08 0.49
Ge
0.12 0.83 0.97
Pd
0.78 0.42 0.82
Pd
0.76 0.44 0.34
Pd
0.66 0.12 0.74
Pd
0.67 0.13 0.23
Pd
0.14 0.33 0.98
Pd
0.91 0.64 0.49
Pd
0.16 0.32 0.48
Pd
0.41 0.62 0.98","Invalid structure: lengths=3, angles=3, species=0"
5930," the.89 0.74 0.30
Re
0.09 0.49 0.39
Re
0.59 0.99 0.99
Re
0.90 0.24 0.89
Re
0.40 0.74 0.49
Re
0.40 0.99 0.39
Re
0.90 0.49 0.99
Re
0.59 0.74 0.89
Re
0.09 0.24 0.49
P
0.69 0.66 0.19
P
0.19 0.16 0.19
P
0.29 0.86 0.69
P
0.79 0.36 0.69
P
0.29 0.66 0.19
P
0.79 0.16 0.19
P
0.69 0.86 0.69
P
0.19 0.36 0.69","Invalid structure: lengths=3, angles=0, species=0"
5952," the
1.02
0.35 0.40 0.50
Li
0.20 0.25 0.88
Li
0.03 0.83 0.35
Li
0.66 0.61 0.36
Li
0.58 0.04 0.87
Cu
0.02 0.38 0.20
Cu
0.58 0.85 0.55
Si
0.02 0.38 0.69
Si
0.59 0.84 0.06
O
0.10 0.45 0.81
O
0.03 0.16 0.62
O
0.99 0.64 0.53
O
0.98 0.99 0.11
O
0.54 0.25 0.76
O
0.59 0.61 0.00
O
0.53 0.99 0.31
O
0.50 0.78 0.82","Invalid structure: lengths=3, angles=0, species=0"
5986," the:0.66 0.04 1.00
Tl
0.75 0.74 0.69
Tl
0.92 0.24 0.37
Tl
0.09 0.98 0.19
Tl
0.59 0.48 0.19
Tl
0.25 0.61 0.87
Tl
0.42 0.11 0.50
Tl
0.42 0.24 0.87
Tl
0.25 0.74 0.50
Tl
0.92 0.11 0.87
Sb
0.75 0.61 0.00
Se
0.59 0.98 0.24
Se
0.09 0.48 0.14
Se
0.75 0.35 0.65
Se
0.75 0.85 0.23
Se
0.25 0.34 0.64
Se
0.25 0.84 0.74","Invalid structure: lengths=3, angles=0, species=0"
5999," the.84 0.84 0.66
The band gap is 0.0.Generate an element that could replace the element that could replace the lattice atom:
P","Invalid structure: lengths=3, angles=0, species=1"
6026," the.00 0.05 0.00
124 124 82
U
0.25 0.40 0.69
U
0.75 0.90 0.69
Sb
0.50 0.15 0.19
Sb
0.00 0.65 0.19
Rh
0.62 0.54 0.69
Rh
0.12 0.77 0.52
Rh
0.83 0.47 0.08
Rh
0.33 0.27 0.19","Invalid structure: lengths=3, angles=0, species=0"
6055," the0.42 0.83 1.00
C
0.59 0.45 0.59
C
0.09 0.95 0.39
C
0.76 0.20 0.89
C
0.26 0.70 0.09
N
0.52 0.52 0.63
N
0.02 0.02 0.35
N
0.83 0.13 0.85
N
0.33 0.63 0.13
N
0.65 0.37 0.49
N
0.15 0.87 0.50
N
0.70 0.27 1.00
N
0.20 0.77 0.99","Invalid structure: lengths=3, angles=0, species=0"
6062," the lattice
0.85 0.86 0.53
Zn
0.18 0.18 0.81
Zn
0.44 0.54 0.15
Zn
0.68 0.04 0.15
Zn
0.94 0.68 0.81
Yb
0.95 0.18 0.31
Yb
0.68 0.54 0.65
Yb
0.45 0.04 0.65
Yb
0.18 0.68 0.31
Yb
0.31 0.32 0.48
Yb
0.81 0.82 0.98","Invalid structure: lengths=3, angles=0, species=0"
6141," is.45 0.45 0.56
Sm
0.45 0.92 0.79
Sm
0.95 0.15 0.55
Sm
0.22 0.42 0.05
Sm
0.72 0.65 0.29
Co
0.34 0.05 0.19
Co
0.84 0.02 0.95
Co
0.82 0.55 0.95
Co
0.32 0.52 0.19
Co
0.84 0.05 0.19
Co
0.34 0.02 0.45
Si
0.25 0.25 0.75
Si
0.75 0.82 0.59
Si
0.42 0.75 0.09
Si
0.92 0.32 0.25
Si
0.64 0.13 0.07
Si
0.14 0.94 0.27
Si
0.03 0.63 0.77
Si
0.53 0.44 0.57
Si
0.92 0.32 0.76
Si
0.42 0.75 0.58
Si
0.75 0.82 0.08
Si
0.25 0.25 0.26","Invalid structure: lengths=3, angles=0, species=0"
6164," is.50 ...1.00 8.8
90 90 119
Sm
0.94 0.18 0.66
Sm
0.61 0.51 0.16
Sm
0.94 0.18 0.26
Sm
0.61 0.51 0.76
Sm
0.28 0.85 0.21
Sm
0.28 0.85 0.71
Ga
0.94 0.18 0.96
Ga
0.61 0.51 0.46
Co
0.94 0.68 0.46
Co
0.44 0.68 0.46
Co
0.11 0.51 0.96
Co
0.61 0.02 0.96
Co
0.11 0.01 0.96
Co
0.44 0.18 0.46","Invalid structure: lengths=3, angles=0, species=0"
6204," is.30 0.89 1.00
0.02 0.80 0.31
1.00 0.01 0.81
As
0.58 0.35 0.50
I
0.37 0.51 0.08
I
0.74 0.58 0.73
I
0.76 0.52 0.22
F
0.29 0.13 0.38
F
0.29 0.31 0.67
F
0.63 0.20 0.68
F
0.86 0.09 0.03
F
0.39 0.13 0.04
F
0.77 0.20 0.46
F
0.52 0.35 0.36
F
0.48 0.36 0.86","Invalid structure: lengths=3, angles=3, species=0"
6237," the at.
1.8 0.5 0.92
12.8 12.8 12.8
161 161 26
La
0.16 0.35 0.25
La
0.82 0.01 0.25
La
0.49 0.68 0.25
Bi
0.71 0.90 0.25
Bi
0.37 0.56 0.25
Bi
0.04 0.22 0.25
Bi
0.59 0.80 0.25
Pt
0.24 0.43 0.25
Pt
0.91 0.08 0.25
Pt
0.07 0.75 0.75","Invalid structure: lengths=3, angles=3, species=0"
6291," the at.
0.22 0.5 1.00
the at.
0.72 0.03 0.99
the.
0.72 0.53 0.49
Zr
0.99 0.79 0.74
Zr
0.47 0.27 0.74
Zr
0.47 0.77 0.24
Zr
0.99 0.29 0.24
Sb
0.46 0.76 0.74
Sb
0.99 0.28 0.74
Sb
0.99 0.78 0.24
P
0.46 0.26 0.24","Invalid structure: lengths=3, angles=0, species=0"
6359," the0.51 0.03 0.74
The band gap is 1.3741
Generate an element that could replace the atomic element type and coordinates for each atom within the lattice:
7.δ 7.7 ≥​nakhel
Sn
0.93 0.53 0.38
Sn
0.43 0.30 0.38
Sn
0.43 0.53 0.88
Sn
0.67 0.78 0.38
Sn
0.93 0.03 0.88
Sn
0.67 0.29 0.88
Sn
0.18 0.03 0.38","Invalid structure: lengths=3, angles=0, species=8"
6392," is 3.0
3.0 3.0
10.3
90 90
Ti
0.30 0.85 0.58
Ti
0.80 0.35 0.31
Ga
0.30 0.85 0.09
Ga
0.80 0.35 0.80
N
0.80 0.35 0.54
N
0.30 0.85 0.35","Invalid structure: lengths=3, angles=0, species=0"
6446," the:0.52 0.61 0.58
The
0.67 0.01 0.41
Sb
0.08 0.55 0.98
P
0.58 0.05 0.90
O
0.65 0.32 0.49
O
0.19 0.84 0.48
F
0.46 0.86 0.90
F
0.91 0.33 0.88
F
0.70 0.10 0.13
F
0.16 0.60 0.77
F
0.71 0.05 0.68
F
0.16 0.56 0.20
F
0.78 0.84 0.92
F
0.32 0.31 0.99","Invalid structure: lengths=3, angles=0, species=0"
6455," the
0.46
0.34 0.24
0.96
0.94 0.01
Rb
0.76 0.44 0.89
Rb
0.26 0.94 0.39
Rb
0.55 0.75 0.08
Rb
0.05 0.25 0.58
Zn
0.26 0.54 0.28
Zn
0.76 0.85 0.69
Zn
0.05 0.64 0.78
Zn
0.55 0.14 0.19
Ge
0.97 0.46 0.29
Ge
0.47 0.73 0.69
Ge
0.15 0.96 0.89
Ge
0.65 0.23 0.58","Invalid structure: lengths=3, angles=0, species=0"
6553," the.92 0.54 0.75
0.85 0.16 0.51
0.69 0.74 0.37
S
0.28 0.87 0.64
S
0.94 0.92 0.62
S
0.56 0.55 0.72
S
0.58 0.92 0.79","Invalid structure: lengths=3, angles=3, species=0"
6589," the.58 0.61 0.03
a
0.60 0.27 0.70
a
0.26 0.61 0.70
a
0.60 0.27 0.35
a
0.94 0.95 0.70
a
0.26 0.95 0.03
a
0.94 0.61 0.35
Al
0.94 0.27 0.03
Al
0.94 0.95 0.35
Al
0.27 0.95 0.70
Al
0.60 0.61 0.70
Al
0.27 0.27 0.35
Al
0.60 0.95 0.03","Invalid structure: lengths=3, angles=0, species=0"
6611," is.13 0.98 0.34
B
0.62 0.78 0.85
B
0.49 0.15 0.35
B
0.30 0.41 0.85
B
0.81 0.61 0.85
B
0.17 0.27 0.35
B
0.97 0.90 0.35","Invalid structure: lengths=3, angles=0, species=0"
6642," the at.
1.02 1.00 1.00
t.a.m.
0.65 0.68 0.62
t.a.m.
0.37 0.31 0.29
Al
0.65 0.68 0.12
Al
0.86 0.81 0.37
Al
0.15 0.18 0.62
Al
0.36 0.31 0.88
Co
0.86 0.31 0.88
Co
0.15 0.68 0.12
Co
0.36 0.82 0.37
Co
0.65 0.17 0.62
O
0.65 0.18 0.88
O
0.86 0.32 0.62
O
0.15 0.68 0.37
O
0.36 0.81 0.13
O
0.86 0.81 0.12
O
0.02 0.98 0.50
O
0.15 0.18 0.87
O
0.36 0.32 0.62
O
0.52 0.48 0.01
O
0.65 0.68 0.38
O
0.50 0.95 0.50
O
0.78 0.02 0.30
O
0.00 0.45 0.00
O
0.27 0.52 0.80
O
0.50 0.95 0.89
O
0.77 0.02 0.65
O
0.00 0.45 0.38
O
0.28 0.52 ","Invalid structure: lengths=3, angles=0, species=0"
6671," is 4.8 10.9
90 90 90
Cs
0.60 0.55 0.12
Cs
0.10 0.01 0.12
Pb
0.60 0.06 0.62
Pb
0.10 0.50 0.62
I
0.60 0.30 0.39
I
0.10 0.26 0.86
I
0.10 0.26 0.39
I
0.10 0.80 0.62
I
0.60 0.82 0.86
I
0.60 0.82 0.39","Invalid structure: lengths=3, angles=0, species=0"
6744," the i.a. 3.0 4.9
90 90 90
Mg
0.81 0.20 0.86
Mg
0.31 0.70 0.47
Ti
0.31 0.20 0.16
Ti
0.81 0.70 0.16","Invalid structure: lengths=3, angles=0, species=0"
6771," the at.
0.25 0.37 2.9
in.
0.75 0.87 0.78
Sr
0.25 0.87 0.28
Sr
0.75 0.37 0.28
Ce
0.75 0.87 0.28
Ir
0.25 0.37 0.78
O
0.25 0.87 0.78
O
0.75 0.37 0.78
O
0.50 0.63 0.28
O
0.00 0.13 0.28
O
0.49 0.13 0.78
O
0.01 0.63 0.78","Invalid structure: lengths=3, angles=0, species=0"
6775," is 3.1
60 60 60
V
0.41 0.80 0.79
V
0.91 0.30 0.29
V
0.16 0.55 0.54
B
0.53 0.92 0.93
B
0.79 0.17 0.16
B
0.16 0.92 0.93
B
0.16 0.17 0.16
B
0.79 0.92 0.93
B
0.53 0.17 0.16
B
0.79 0.55 0.93
B
0.53 0.55 0.16","Invalid structure: lengths=3, angles=0, species=0"
6831," is.15 0.65 0.95
0.41 0.15 0.70
0.91 0.30 0.45
Zr
0.40 0.15 0.20
Zr
0.90 0.30 0.95
Zr
0.65 0.65 0.45
Zr
0.15 0.80 0.70
Ni
0.91 0.80 0.20
Ni
0.41 0.65 0.70
Ni
0.15 0.15 0.45
Ni
0.65 0.30 0.95","Invalid structure: lengths=3, angles=3, species=0"
6900," the a.11 0.10 0.11
Hg
0.27 0.80 0.34
Hg
0.77 0.30 0.84
Generate an element that could replace the element in the material:
Sn","Invalid structure: lengths=3, angles=0, species=1"
6940," the a.
0.15 0.31 1.00
a.
0.65 0.56 0.76
A.g.
0.65 0.81 0.26
A.20 0.06 0.50
Y
0.15 0.56 0.50
Y
0.70 0.06 0.76
Y
0.20 0.81 1.00
Y
0.69 0.31 0.26
Co
0.54 0.00 0.07
Co
0.04 0.87 0.68
Ru
0.80 0.50 0.07
Ru
0.30 0.37 0.68
Ru
0.80 0.87 0.57
Ru
0.30 0.00 0.18
Ru
0.53 0.37 0.92
Ru
0.03 0.50 0.83
Ru
0.31 0.63 0.21
Ru
0.81 0.24 0.54
Ru
0.03 0.13 0.21
Ru
0.53 0.74 0.54","Invalid structure: lengths=3, angles=0, species=16"
6974," is 17.6
13 13 13
In
0.40 0.18 0.54
Bi
0.00 0.79 0.15
Bi
0.61 0.40 0.76
S
0.90 0.69 0.05
S
0.50 0.30 0.65
S
0.11 0.90 0.26
S
0.20 0.00 0.36
Cl
0.70 0.50 0.85","Invalid structure: lengths=3, angles=0, species=0"
6983," the coordinates for the atom:0.40 0.35 0.44
2.9 4.9 10.4
103 90 90
La
0.98 0.19 0.40
La
0.48 0.66 0.19
C
0.98 0.79 0.62
C
0.48 0.06 0.97
N
0.98 0.82 0.51
N
0.48 0.03 0.09
N
0.98 0.70 0.64
N
0.48 0.15 0.95
Cl
0.98 0.28 0.14
Cl
0.48 0.58 0.45","Invalid structure: lengths=3, angles=3, species=0"
7041," the.66 0.66 0.17
Tb
0.98 0.35 0.67
Tb
0.48 0.85 0.17
Ag
0.27 0.66 0.67
Ag
0.77 0.85 0.48
Ag
0.98 0.06 0.17
Ag
0.98 0.66 0.98
Ag
0.68 0.44 0.48
Ag
0.28 0.44 0.17
Ag
0.68 0.06 0.67
Ag
0.48 0.35 0.98","Invalid structure: lengths=3, angles=0, species=0"
7079," is.60 0.45 1.00
Zn
0.66 0.25 0.58
Zn
0.16 0.75 0.58
Zn
0.16 0.25 0.08
Zn
0.66 0.75 0.08
Co
0.02 0.60 0.25
Co
0.29 0.89 0.91
Co
0.52 0.10 0.25
Co
0.79 0.39 0.91
O
0.76 0.64 0.42
O
0.26 0.14 0.42
O
0.05 0.36 0.74
O
0.55 0.86 0.74
O
0.02 0.10 0.23
O
0.29 0.39 0.93
O
0.52 0.60 0.23
O
0.79 0.89 0.93","Invalid structure: lengths=3, angles=0, species=0"
7097," the
0.66 0.47 0.05
the
0.35 0.15 0.40
Nd
0.00 0.81 0.72
Nd
0.50 0.66 0.40
Nd
0.84 0.30 0.72
Ag
0.50 0.80 0.90
Ag
1.00 0.30 0.30
As
0.18 0.99 0.07
As
0.69 0.98 0.54
As
0.68 0.98 0.05
As
0.17 0.96 0.54
As
0.19 0.49 0.06
As
0.67 0.48 0.54
As
0.17 0.46 0.53
As
0.68 0.49 0.80","Invalid structure: lengths=3, angles=0, species=0"
7183," theCd
0.69 0.64 0.64
TheCd
0.19 0.14 0.14
Au
0.19 0.64 0.64
Au
0.69 0.14 0.64
Au
0.69 0.64 0.14
Au
0.19 0.14 0.14","Invalid structure: lengths=3, angles=0, species=0"
7202," is.11 0.10 0.60
Si
0.09 0.30 0.20
Si
0.59 0.49 0.40
Si
0.89 0.80 0.89
Si
0.39 0.99 0.71
Si
0.39 0.99 0.40
Si
0.89 0.80 0.20
Ni
0.59 0.49 0.89
Ni
0.09 0.30 0.71","Invalid structure: lengths=3, angles=0, species=0"
7205," is 3.6 3.6
90 90 90
Nb
0.61 0.68 0.52
Al
0.61 0.18 0.02
Al
0.11 0.68 0.02
Ni
0.61 0.68 0.02
Ni
0.11 0.18 0.02
Ni
0.86 0.92 0.27
Ni
0.86 0.43 0.27
Ni
0.36 0.92 0.27
Ni
0.36 0.43 0.27
Ni
0.61 0.18 0.52
Ni
0.11 0.68 0.52
Ni
0.11 0.18 0.52","Invalid structure: lengths=3, angles=0, species=0"
7325," the
0.29 0.61 0.27
the
0.79 0.11 0.77
Zn
0.47 0.78 0.61
Zn
0.10 0.43 0.93
Ge
0.60 0.28 0.11
Ge
0.97 0.93 0.43
P
0.10 0.66 0.62
P
0.48 0.56 0.92
P
0.98 0.16 0.11
P
0.60 0.06 0.43","Invalid structure: lengths=3, angles=0, species=0"
7397," the
0.81 0.28 1.00
The
1.00 0.87 0.80
The
0.40 0.08 0.60
Cu
0.80 0.28 0.49
Cu
0.20 0.48 0.29
Cu
0.60 0.68 0.10
Cu
0.40 0.08 0.10
S
0.17 0.45 0.59
S
0.62 0.71 0.79
S
0.92 0.06 0.28","Invalid structure: lengths=3, angles=0, species=0"
7425," is.49 0.31 1.00
0.54 0.69 0.46
0.22 0.58 0.57
C
0.58 0.30 0.64
C
0.18 0.59 0.39
C
0.23 0.92 0.67
C
0.53 0.97 0.37
S
0.35 0.52 0.32
S
0.41 0.66 0.72
S
0.16 0.01 0.50
S
0.60 0.17 0.45","Invalid structure: lengths=3, angles=3, species=0"
7461," the at.
0.61 0.62 0.66
A.
0.11 0.12 0.16
Li
0.86 0.87 0.41
Li
0.36 0.37 0.91
Li
0.86 0.37 0.91
Li
0.36 0.87 0.41
Lu
0.11 0.62 0.66
Lu
0.61 0.12 0.16
In
0.61 0.62 0.16
In
0.11 0.12 0.66","Invalid structure: lengths=3, angles=0, species=0"
7479," the t
0.62 1.00 1.00
The element type and coordinates for each atom within the lattice:
10.0 1 1.8 11.6
68 91 91
Tl
0.11 0.79 0.67
Mo
0.41 0.48 0.10
Mo
0.58 0.13 0.47
Mo
0.03 0.74 0.98
Mo
0.17 0.06 0.09
Mo
0.33 0.49 0.48
Mo
0.82 0.29 0.59
Se
0.58 0.84 0.35
Se
0.58 0.72 0.81
Se
0.91 0.92 0.23
Se
0.90 0.56 0.24
S
0.29 0.09 0.46
S
0.80 0.68 0.49
S
0.70 0.05 0.62
S
0.59 0.41 0.75
S
0.30 0.32 0.93
S
0.31 0.65 0.11
S
0.08 0.23 0.71
S
0.09 0.39 0.21","Invalid structure: lengths=3, angles=0, species=19"
7574," the s
ur0.65 0.82 0.88
E
0.04 0.64 0.78
E
0.26 0.01 0.98
E
0.86 0.89 0.98
E
0.44 0.75 0.78
Y
0.08 0.40 0.96
Y
0.22 0.24 0.79
Y
0.75 0.24 0.16
Y
0.55 0.40 0.60
Ir
0.79 0.09 0.57
Ir
0.51 0.55 0.19
Ir
0.04 0.05 0.29
Ir
0.26 0.59 0.48
Ir
0.76 0.61 0.37
Ir
0.55 0.03 0.39","Invalid structure: lengths=3, angles=0, species=0"
7681," the d.
0.37 0.75 1.00
F
0.73 0.82 0.91
F
0.73 0.75 0.66
F
0.73 0.68 0.34
F
0.37 0.68 0.66
F
0.37 0.82 0.34
F
0.37 0.89 0.07
F
0.00 0.89 0.66
F
0.00 0.75 0.07
Sn
0.06 0.21 0.89
Sn
0.06 0.28 0.37
Sn
0.43 0.28 0.89
Sn
0.43 0.21 0.37
O
0.73 0.26 0.89
O
0.73 0.25 0.37
O
0.41 0.25 0.66
O
0.01 0.26 0.66","Invalid structure: lengths=3, angles=0, species=0"
7701," the e.11 0.02 0.01
0.11 0.52 0.01
1.00 0.87 0.69
1.00 0.37 0.69
1.00 0.87 0.32
0.11
1.00 0.37 0.32
1.00 0.87 0.01
1.00 0.37 0.01
1.00 0.37 0.69
1.00 0.87 0.32
Hf
0.50 0.62 0.19
Hf
0.50 0.12 0.19
Ta
0.50 0.12 0.82
Ta
0.50 0.62 0.82
Ta
0.50 0.12 0.51
Ta
0.50 0.62 0.51
Ru
0.75 0.27 0.84
Ru
0.75 0.77 0.84
Ru
0.75 0.27 0.18
Ru
0.75 0.77 0.18
Ru
0.75 0.27 0.51
Ru
0.75 0.77 0.51
Ru
0.25 0.97 0.84
Ru
0.25 0.47 0.84
Ru
0.25 0.97 0.18
Ru
0.25 0.47 0.18
Ru
0.25 0.97 0.51
Ru
0.25 0.47 0.51","Invalid structure: lengths=3, angles=3, species=0"
7712," the c.a. 4.0 4.0
99 99 99
Rb
0.31 0.22 0.94
N
0.95 0.86 0.58
N
0.72 0.62 0.34
N
0.95 0.86 0.08","Invalid structure: lengths=3, angles=0, species=0"
7747," the0.53 E.01 1.00
K
0.13 0.38 0.86
K
0.63 0.88 0.36
Ta
0.38 0.13 0.61
Ta
0.88 0.63 0.11
P
0.62 0.38 0.37
P
0.12 0.88 0.87
P
0.14 0.89 0.35
P
0.64 0.39 0.85
O
0.50 0.01 0.74
O
1.00 0.51 0.24
O
0.26 0.26 0.49
O
0.76 0.76 0.99
O
0.62 0.39 0.20
O
0.12 0.89 0.70
O
0.13 0.87 0.50
O
0.63 0.37 0.00
O
0.46 0.55 0.45
O
0.96 0.05 0.95
O
0.29 0.71 0.28
O
0.79 0.21 0.78
O
0.28 0.73 0.92
O
0.78 0.23 0.42
O
0.47 0.04 0.22
O
0.97 0.54 0.72","Invalid structure: lengths=3, angles=0, species=0"
7753," the formula is PaPd3
the lattice is 5.8 5.8
139
99
90
The formation energy per atom is 0.0296.Generate an element that could replace the atom in the lattice:
Pa
0.71 0.32 0.86
Pa
0.21 0.82 0.86
Pd
0.71 0.57 0.36
Pd
0.46 0.07 0.36
Pd
0.96 0.07 0.36
Pd
0.21 0.57 0.36
Pd
0.21 0.32 0.86
Pd
0.71 0.82 0.86","Invalid structure: lengths=3, angles=0, species=0"
7768," the [0.96 0.92 on.17
0.46 0.68 0.35
0.21 0.18 0.68
Sm
0.71 0.42 0.85
Ni
0.30 0.52 0.08
Ni
0.80 0.08 0.44
Ni
0.11 0.58 0.59
Ni
0.61 0.02 0.94
As
0.97 0.42 0.18
As
0.46 0.18 0.34
As
0.21 0.68 0.68
As
0.70 0.92 0.84","Invalid structure: lengths=3, angles=3, species=0"
7824," the.70 0.70 t.67
Hf
0.31 0.62 0.91
Hf
0.17 0.28 0.67
Hf
0.67 0.12 0.41
Hf
0.81 0.78 0.17
Te
0.58 0.31 0.07
Te
0.70 0.69 0.41
Te
0.08 0.09 0.31
Te
0.20 0.30 0.17
Se
0.90 0.81 0.80
Se
0.40 0.58 0.57","Invalid structure: lengths=3, angles=0, species=0"
7855," the [0.98 0.41 1.00
0.98 1.00 0.67
0.59 0.39 0.33
Zr
0.95 0.38 0.66
Cu
0.58 0.00 0.34
Ru
0.46 0.89 0.66
Ru
0.47 0.39 0.85
Ru
0.47 0.88 0.16
O
0.30 0.80 0.88
O
0.30 0.80 0.53
O
0.30 0.09 0.53
O
0.28 0.31 0.33
O
0.27 0.55 0.13
O
0.27 0.08 0.89
O
0.27 0.81 0.29
O
0.60 0.08 0.07
O
0.60 0.08 0.78
O
0.59 0.64 0.76
O
0.58 0.67 0.40
O
0.59 0.39 0.05
O
0.92 0.01 0.40
O
0.92 0.00 0.07
O
0.93 0.63 0.07
O
0.94 0.51 0.77","Invalid structure: lengths=3, angles=3, species=0"
7875," the h atom 0.41 0.62 0.35
h
0.06 0.96 0.35
h
0.06 0.46 0.85
h
0.41 0.96 0.69
h
0.56 0.46 0.85
h
0.41 0.10 0.19
h
0.56 0.60 0.69
h
0.91 0.10 0.85
h
0.91 0.46 0.19
h
0.06 0.60 0.35
Ce
0.91 0.60 0.69
Ce
0.41 0.10 0.85
Ce
0.56 0.96 0.35
Ce
0.91 0.96 0.19
Si
0.23 0.33 0.52
Si
0.23 0.33 0.02
Si
0.73 0.83 0.52
Si
0.73 0.83 0.02","Invalid structure: lengths=3, angles=0, species=0"
7878," the coordinates for atom at 0.10 0.04 0.27
11.4 11.4 11.4
69 69 69
Ca
0.29 0.98 0.56
Ca
0.68 0.27 0.95
Yb
0.69 0.99 0.26
Yb
0.28 0.68 0.95
Yb
0.98 0.27 0.57
Yb
0.28 0.27 0.26
Yb
0.69 0.68 0.57
Yb
0.98 0.99 0.95
Mn
0.89 0.38 0.86
Mn
0.58 0.88 0.66
Mn
0.08 0.88 0.66
Mn
0.39 0.38 0.86
Mn
0.89 0.88 0.36
Mn
0.39 0.38 0.66
Mn
0.08 0.88 0.16
Mn
0.58 0.38 0.36
Mn
0.48 0.77 0.16
Mn
0.48 0.18 0.06
Mn
0.18 0.48 0.06
Mn
0.18 0.18 0.76
O
0.01 0.21 0.86
O
0.08 0.15 0.09
O
0.15 0.38 0.03
O
0.89 0.01 0.03
O
0.01 0.38 0.70
O
0.58 0.21 ","Invalid structure: lengths=3, angles=3, species=0"
7890," of.75 0.61 1.00
H
0.90 0.87 0.74
H
0.43 0.34 0.24
H
0.40 0.62 0.41
H
0.92 0.60 0.57
O
0.60 0.83 0.41
O
0.73 0.38 0.58
O
0.10 0.40 0.06
O
0.23 0.86 0.92","Invalid structure: lengths=3, angles=0, species=0"
7895," is 4.2 5.4
93 111 24
Gd
0.06 0.60 0.18
Dy
0.78 0.22 0.51
Ni
0.42 0.96 0.85
Ni
0.18 0.82 0.28
Ni
0.66 0.09 0.94","Invalid structure: lengths=3, angles=0, species=0"
7903," is 3.5 3.5
90 90 90
Tm
0.18 0.45 0.91
Tm
0.68 0.95 0.40
Pt
0.68 0.45 0.16
Pt
0.68 0.45 0.66","Invalid structure: lengths=3, angles=0, species=0"
7911," the t
0.84 0.82 0.66
t
0.84 0.82 0.16
Li
0.34 0.82 0.41
Li
0.84 0.32 0.41
Tm
0.34 0.82 0.91
Tm
0.84 0.32 0.91
Tm
0.34 0.32 0.41
Tm
0.34 0.32 0.91
Al
0.10 0.57 0.66
Al
0.59 0.06 0.66","Invalid structure: lengths=3, angles=0, species=0"
7924," the type type
1.00 1.00 ….37
0.58 0.00 0.04
0.26 0.00 0.70
O
0.40 0.21 0.95
O
0.86 0.80 0.88
Sc
0.20 0.38 0.57
Sc
0.65 0.63 0.27
Ag
0.98 0.38 0.07
Ag
0.98 0.63 0.50
O
0.01 0.77 0.24
O
0.72 0.79 0.36
O
0.65 0.38 0.77
O
0.20 0.63 0.07","Invalid structure: lengths=3, angles=3, species=0"
7971," the.7 0.66 0.69
0.76 0.16 0.99
0.67 0.26 0.38
La
0.16 0.16 0.19
La
0.27 0.66 0.49
La
0.66 0.77 0.99
La
0.16 0.46 0.88
La
0.77 0.97 0.69
La
0.27 0.96 0.88
Al
0.06 0.87 0.38
Al
0.56 0.37 0.69
Al
0.37 0.37 0.38
Al
0.87 0.56 0.19","Invalid structure: lengths=3, angles=3, species=0"
7990," the.77 0.85 0.82
the.77 0.50 0.11
0.09 0.85 0.44
B
0.06 0.52 0.34
B
0.44 0.37 0.44
B
0.35 0.00 0.44
B
0.45 0.04 0.24
B
0.77 0.20 0.24
B
0.60 0.69 0.94
B
0.77 0.04 0.02
B
0.60 0.48 0.34","Invalid structure: lengths=3, angles=3, species=0"
8072," is 4.2 4.2
132 132 69
Nd
0.64 0.18 0.89
Si
0.00 0.55 0.89
Ir
0.38 0.43 0.39
Ir
0.88 0.93 0.39","Invalid structure: lengths=3, angles=0, species=0"
8180," of 4.3 5.4
93 111 66
Tb
0.29 0.11 0.58
Tb
0.80 0.69 0.19
Ga
0.10 0.58 0.78
Ga
0.98 0.22 0.98
Ni
0.60 0.28 0.39
Ni
0.48 0.52 0.37","Invalid structure: lengths=3, angles=0, species=0"
8253," the
0.97 0.54 1.00
T
0.21 0.79 0.19
T
0.73 0.29 0.81
T
0.73 0.55 0.45
T
0.48 0.79 0.45
T
0.48 0.03 0.19
T
0.21 0.03 0.45
T
0.96 0.55 0.65
T
0.96 0.29 0.45
T
0.73 0.29 0.19
T
0.21 0.79 0.81
T
0.48 0.55 0.81
T
0.48 0.29 0.65
T
0.96 0.79 0.35
T
0.23 0.29 0.15
Co
0.96 0.13 0.15
Co
0.96 0.89 0.69
Co
0.65 0.79 0.69
Co
0.65 0.98 0.95
Co
0.37 0.79 0.69
Co
0.37 0.48 0.15
Co
0.65 0.59 0.15
Co
0.65 0.29 0.35
Co
0.37 0.09 0.95
Co
0.37 0.29 0.35
Co
0.96 0.98 0.95
Co
0.96 0.48 0.35
Ni
0.65 0.09 0.59
Ni
0.37 0.59 0.59
Ni
0.","Invalid structure: lengths=3, angles=0, species=0"
8272," the
0.52 0.53 ...0.94
0.26 0.20 0.44
Sm
0.02 0.70 0.19
Sm
0.76 0.03 0.69
Ga
0.72 0.74 0.42
Ga
0.56 0.99 0.92
Ga
0.22 0.49 0.71
Ga
0.06 0.24 0.21
Ga
0.97 0.98 0.98
Ga
0.31 0.75 0.48
Ga
0.47 0.25 0.15
Ga
0.81 0.48 0.65
Ni
0.50 0.79 0.23
Ni
0.27 0.94 0.73
Ni
0.00 0.44 0.40
Ni
0.77 0.29 0.90","Invalid structure: lengths=3, angles=0, species=0"
8306," is 4.9 4.9
60 60 60
Tl
0.56 0.29 0.09
V
0.06 0.79 0.59
S
0.31 0.04 0.84
S
0.82 0.53 0.34
O
0.55 0.28 0.59
O
0.07 0.28 0.59
O
0.55 0.80 0.59
O
0.07 0.80 0.07
O
0.55 0.80 0.07
O
0.07 0.80 0.59
O
0.07 0.28 0.07
O
0.55 0.55 0.33","Invalid structure: lengths=3, angles=0, species=0"
8380," the e.0 5.4 5.6
89 90 90
Ca
0.82 0.26 0.06
Ca
0.32 0.26 0.49
Fe
0.82 0.76 0.55
Fe
0.32 0.76 0.01
Re
0.32 0.76 0.55
Re
0.82 0.76 0.05
O
0.57 0.44 0.32
O
0.07 0.09 0.23
O
0.58 0.09 0.73
O
0.08 0.44 0.82
O
0.90 0.74 0.29
O
0.40 0.78 0.27
O
0.24 0.78 0.76
O
0.74 0.74 0.79
O
0.58 0.46 0.90
O
0.08 0.07 0.67
O
0.57 0.07 0.17
O
0.07 0.46 0.40","Invalid structure: lengths=3, angles=0, species=0"
8403," the lattice
0.54 0.00 0.03
0.54 0.00 0.53
Zn
0.89 0.81 0.28
Zn
0.38 0.79 0.27
Zn
0.68 0.16 0.78
Zn
0.67 0.56 0.28
Zn
0.02 0.49 0.53
Zn
0.04 0.00 0.02
Zn
0.54 0.49 0.02
Zn
0.54 0.49 0.53
Zn
0.04 0.00 0.52
Zn
0.04 0.49 0.02
Zn
0.23 0.25 0.78
Zn
0.21 0.78 0.78
Mo
0.90 0.24 0.28
Mo
0.38 0.26 0.28","Invalid structure: lengths=3, angles=0, species=0"
8424," the at.
0.50 0.35 1.00
C
0.18 0.70 0.34
C
0.83 0.00 0.66
K
0.17 0.70 0.86
K
0.84 0.01 0.14
K
0.50 0.35 0.50
Ni
0.00 0.85 0.50
Ni
0.50 0.85 1.00
O
0.84 0.70 0.33
O
0.18 0.01 0.67
O
0.34 0.51 0.18
O
0.68 0.20 0.82","Invalid structure: lengths=3, angles=0, species=0"
8436," of 4.1 17.4
87 90 90
Bi
0.32 0.59 0.75
Bi
0.82 0.40 0.95
Bi
0.82 0.19 0.25
Bi
0.32 0.90 0.04
Bi
0.32 0.01 0.35
Bi
0.82 0.68 0.55
Bi
0.82 0.50 0.25
Bi
0.32 0.10 0.84
Pb
0.32 0.79 0.56
Pb
0.82 0.29 0.53
S
0.32 0.48 0.95
S
0.82 0.80 0.34
S
0.82 0.00 0.05
S
0.82 0.26 0.77
S
0.82 0.68 0.04
S
0.32 0.38 0.44
S
0.32 0.61 0.25
S
0.32 0.89 0.74
S
0.32 0.73 0.93
S
0.82 0.99 0.55
S
0.82 0.11 0.84
S
0.82 0.31 0.35
S
0.32 0.08 0.54
S
0.32 0.41 0.15","Invalid structure: lengths=3, angles=0, species=0"
8466," is 7.1 4.1
90 90 90
Ce
0.38 0.28 0.61
Ce
0.88 0.28 0.85
Ce
0.98 0.78 0.61
Ce
0.48 0.78 0.85
Al
0.06 0.78 0.11
Al
0.56 0.78 0.36
Ga
0.27 0.28 0.11
Ga
0.77 0.28 0.36
Ni
0.68 0.55 0.57
Ni
0.68 0.01 0.57
Ni
0.18 0.01 0.89
Ni
0.18 0.55 0.89","Invalid structure: lengths=3, angles=0, species=0"
8496," the0.25 i.00 0.41
Cu
0.59 0.73 0.41
Cu
0.93 0.07 0.41
Cu
0.88 0.35 0.91
Cu
0.20 0.68 0.91
Cu
0.54 0.42 0.91
Cu
0.54 0.42 0.41
Cu
0.20 0.68 0.41
Cu
0.93 0.07 0.91
Cu
0.59 0.73 0.91
Cu
0.25 0.02 0.91
Cu
0.88 0.35 0.41
Cu
0.25 0.02 0.15
Cu
0.88 0.39 0.15
Cu
0.20 0.31 0.65
Cu
0.83 0.67 0.65
Cu
0.54 0.07 0.15
Cu
0.54 0.07 0.65
Cu
0.88 0.39 0.65
Cu
0.25 0.02 0.65
Cu
0.20 0.31 0.15
Cu
0.83 0.67 0.15","Invalid structure: lengths=3, angles=0, species=0"
8514," the.74 0.74 0.74
t.a.a.
0.09 0.67 0.38
t.38 0.44 0.75
t.12 0.40 0.01
t.76 0.38 0.33
t.78 0.15 0.02
t.08 0.13 0.67
t.38 0.02 0.35
t.78 0.00 0.37
t.41 0.04 0.00
t.09 0.77 0.04
t.40 0.75 0.68
As
0.71 0.48 0.93
As
0.45 0.48 0.20
As
0.71 0.70 0.40
As
0.46 0.71 0.12
O
0.73 0.22 0.64
O
0.45 0.96 0.72","Invalid structure: lengths=3, angles=0, species=5"
8583," the h0.38 0.74 0.13
Nd
0.54 0.46 0.79
Nd
0.29 0.09 0.46
Nd
0.96 0.77 0.13
Ni
0.67 0.90 0.73
Ni
0.16 0.33 0.03
Ni
0.79 0.58 0.46
Ni
0.05 0.96 0.79
Ni
0.46 0.26 0.13
Ni
0.88 0.15 0.54
Ni
0.20 0.52 0.37
O
0.29 0.59 0.96
O
0.78 0.08 0.96
O
0.04 0.45 0.63
O
0.55 0.95 0.63
O
0.87 0.76 0.63
O
0.88 0.26 0.13
O
0.05 0.45 0.29
O
0.55 0.96 0.29
O
0.18 0.87 0.28
O
0.18 0.87 0.79
O
0.31 0.58 0.47
O
0.65 0.35 0.48
O
0.65 0.35 0.02
O
0.18 0.35 0.80
O
0.53 0.58 0.27
O
0.04 0.07 0.97","Invalid structure: lengths=3, angles=0, species=0"
8670," the.00 0.00 0.00
125 125 80
V
0.37 0.27 0.74
V
0.87 0.77 0.74
Si
0.62 0.02 0.24
Si
0.12 0.52 0.24
Tc
0.33 0.04 0.24
Tc
0.83 0.19 0.58
Tc
0.69 0.34 0.24
Tc
0.19 0.54 0.58
Tc
0.94 0.69 0.30
Tc
0.44 0.84 0.91","Invalid structure: lengths=3, angles=0, species=0"
8722," of.78 0.78 1.00
0.27 0.57 0.75
0.02 0.07 0.50
S
0.52 0.28 0.26","Invalid structure: lengths=3, angles=3, species=0"
8740," is 5.2 0.99 0.40
0.05 0.99 0.73
0.55 0.49 0.23
Sm
0.00 0.49 0.07
Sm
0.50 0.99 0.07
Sm
0.05 0.99 0.39
Ce
0.55 0.49 0.89
Ce
0.50 0.99 0.57
Ce
1.00 0.49 0.57","Invalid structure: lengths=3, angles=3, species=0"
8765," the system type is cubic
H 1.00 0.84 0.12
H
1.00 0.84 0.62
Pt
0.50 0.84 0.87
Pt
0.50 0.84 0.37
Pt
0.50 0.34 0.87
Pt
0.50 0.34 0.37
Pt
0.00 0.34 0.87
Pt
0.00 0.34 0.37
O
0.64 0.68 0.87
O
0.64 0.68 0.37
O
0.36 0.01 0.87
O
0.36 0.01 0.37
O
0.64 0.18 0.87
O
0.64 0.18 0.37
O
0.36 0.51 0.87
O
0.36 0.51 0.37
O
0.86 0.01 0.87
O
0.86 0.01 0.37
O
0.14 0.68 0.87
O
0.14 0.68 0.37","Invalid structure: lengths=3, angles=0, species=0"
8766," the.63 0.82 i.
0.09 0.67 0.78
Sc
0.98 0.97 0.13
Sc
0.48 0.47 0.63
Sc
0.88 0.32 0.48
Sc
0.38 0.82 0.98
Al
0.78 0.07 0.78
Al
0.28 0.17 0.49
Si
0.18 0.57 0.48
Si
0.68 0.67 0.19
Si
0.48 0.97 0.68
Si
0.98 0.47 0.08","Invalid structure: lengths=3, angles=0, species=0"
8776," the coordinates for each atom:0.5 0.0 1.0
 90 90 90
Ta
0.19 0.42 0.88
Ta
0.69 0.92 0.38
Ta
0.19 0.92 0.38
Ta
0.69 0.42 0.88
Zn
0.19 0.42 0.38
Zn
0.69 0.92 0.88
Zn
0.69 0.42 0.38
Zn
0.19 0.92 0.88
Ru
0.94 0.17 0.13
Ru
0.44 0.67 0.63
Ru
0.94 0.17 0.63
Ru
0.44 0.67 0.13
Ru
0.94 0.67 0.13
Ru
0.44 0.17 0.63
Ru
0.94 0.67 0.63
Ru
0.44 0.17 0.13","Invalid structure: lengths=3, angles=0, species=0"
8787," is.23 0.23 
0.23
...0.38 0.90 0.44
Tm
0.97 0.34 0.94
Tm
0.62 0.50 0.75
Tm
0.47 0.84 0.94
Ga
0.87 0.74 0.64
Ga
0.12 1.00 0.75
Ga
0.97 0.84 0.14
Ga
0.97 0.84 0.44
Ga
0.62 0.50 0.25
Ga
0.47 0.34 0.14
Ga
0.12 1.00 0.25
Ga
0.47 0.34 0.44
Ga
0.62 0.50 0.94
Ga
0.30 0.67 0.69
Ga
0.80 0.17 0.69
Ga
0.80 0.17 0.19
Ga
0.30 0.67 0.19
Co
0.12 1.00 0.94
Co
0.62 0.00 0.44
Co
0.30 0.17 0.70
Co
0.80 0.67 0.20","Invalid structure: lengths=3, angles=0, species=0"
8800," the e.02 0.00 0.02
0.02 0.50 0.52
Al
0.27 0.75 0.77
Al
0.77 0.25 0.77
Al
0.77 0.25 0.27
Al
0.27 0.75 0.27
Al
0.61 0.50 0.02
Al
0.43 0.00 0.02
Al
0.93 0.87 0.52
Al
0.11 0.37 0.02
Al
0.27 0.25 0.27
Al
0.77 0.75 0.27
Al
0.77 0.75 0.77
Al
0.27 0.25 0.77","Invalid structure: lengths=3, angles=0, species=0"
8831," the
0.45 0.44 0.42
Th
0.95 0.94 0.92
B
0.35 0.79 0.13
B
0.35 0.09 0.71
B
0.75 0.59 0.63
B
0.75 0.29 0.21
Rh
0.14 0.74 0.63
Rh
0.14 0.14 0.21
Rh
0.56 0.64 0.13
Rh
0.56 0.24 0.71
Rh
0.67 0.94 0.38
Rh
0.67 0.93 0.97
Rh
0.53 0.43 0.88
Rh
0.53 0.44 0.47","Invalid structure: lengths=3, angles=0, species=0"
8867," the lattice vectors:0.77 1.00 0.27
D.H.C.
0.79 0.07 0.64
D.H.C.
0.79 0.37 0.38
D.H.C.
0.44 0.07 0.38
D.H.C.
0.44 0.37 0.64
O
0.73 0.27 0.56
O
0.73 0.17 0.46
O
0.49 0.27 0.46
O
0.49 0.17 0.56
O
0.71 0.92 0.70
O
0.71 0.52 0.32
O
0.46 0.92 0.32
O
0.46 0.52 0.70","Invalid structure: lengths=3, angles=0, species=0"
8977," the
0.36 0.59 0.87
Tl
0.95 0.46 0.59
Tl
0.58 0.83 0.59
Tl
0.68 0.96 0.09
Tl
0.30 0.33 0.09
O
0.56 0.57 0.36
O
0.60 0.57 0.89
O
0.98 0.07 0.36
O
0.96 0.07 0.89
O
0.38 0.79 0.39
O
0.37 0.79 0.86
O
0.70 0.29 0.89
O
0.70 0.29 0.36","Invalid structure: lengths=3, angles=0, species=0"
8986," of.58 0.58 
90.1
90.56
0.20 0.18 0.52
P
0.99 0.96 0.66
P
0.78 0.40 0.37
Pd
0.69 0.98 0.15
Pd
0.08 0.38 0.88
Pd
0.57 0.80 0.60
S
0.72 0.18 0.33
S
0.95 0.28 0.63
S
0.56 0.32 0.63
S
0.63 0.66 0.11
S
0.16 0.71 0.40
S
0.02 0.84 0.89
S
0.28 0.92 0.68
S
0.48 0.44 0.35","Invalid structure: lengths=3, angles=0, species=0"
8989," the.47 0.47 1.00
Li
0.11 0.64 0.73
Li
0.61 0.14 0.23
Tb
0.86 0.89 0.47
Tb
0.36 0.39 0.47
Tb
0.36 0.89 0.97
Tb
0.86 0.39 0.97
Ir
0.61 0.14 0.73
Ir
0.61 0.64 0.23
Ir
0.11 0.14 0.23","Invalid structure: lengths=3, angles=0, species=0"
8995," the
0.36 0.31 1.00
Ta
0.75 0.30 0.19
Ta
0.25 0.80 0.70
Ta
0.56 0.61 0.49
Ta
0.05 0.11 0.98
Ta
0.96 0.49 0.69
Ta
0.45 0.99 0.20
Ta
0.66 0.80 0.98
Ta
0.15 0.30 0.48
Ta
0.96 0.99 0.69
Ta
0.45 0.49 0.19
Si
0.75 0.10 0.49
Si
0.25 0.60 0.99
Si
0.65 0.39 0.79
Si
0.15 0.89 0.29
Si
0.35 0.10 0.49
Pt
0.85 0.60 0.99
Pt
0.55 0.90 0.79
Pt
0.05 0.40 0.29","Invalid structure: lengths=3, angles=0, species=0"
